28, 28, 0.514
28, 42, 0.452
28, 45, 0.392
28, 80, 0.394
28, 85, 0.427
28, 106, 0.643
28, 112, 0.362
28, 123, 0.516
28, 134, 0.373
28, 139, 0.411
28, 157, 0.485
28, 178, 0.533
28, 199, 0.489
28, 208, 0.389
28, 213, 0.759
28, 215, 0.733
28, 221, 0.553
28, 229, 0.577
28, 237, 0.702
28, 254, 0.474
28, 297, 0.43
28, 344, 0.595
28, 424, 0.57
28, 429, 0.431
28, 442, 0.38
28, 454, 0.492
28, 478, 0.395
28, 479, 0.524
28, 479, 0.513
28, 480, 0.493
28, 500, 0.365
28, 503, 0.264
28, 531, 0.614
28, 537, 0.303
28, 547, 0.434
28, 560, 0.483
28, 561, 0.395
28, 569, 0.546
28, 573, 0.51
28, 584, 0.435
28, 593, 0.183
28, 615, 0.609
28, 617, 0.557
28, 621, 0.491
28, 628, 0.276
28, 640, 0.375
28, 655, 0.492
28, 666, 0.523
28, 683, 0.627
28, 687, 0.619
28, 693, 0.262
28, 699, 0.455
28, 727, 0.427
28, 738, 0.528
28, 774, 0.577
28, 799, 0.269
42, 28, 0.544
42, 42, 0.494
42, 45, 0.613
42, 80, 0.439
42, 85, 0.345
42, 106, 0.625
42, 112, 0.242
42, 123, 0.558
42, 134, 0.365
42, 139, 0.249
42, 157, 0.295
42, 178, 0.578
42, 199, 0.467
42, 208, 0.263
42, 213, 0.584
42, 215, 0.525
42, 221, 0.484
42, 229, 0.358
42, 237, 0.699
42, 254, 0.583
42, 297, 0.627
42, 344, 0.684
42, 424, 0.566
42, 429, 0.412
42, 442, 0.376
42, 454, 0.565
42, 478, 0.397
42, 479, 0.289
42, 479, 0.287
42, 480, 0.517
42, 500, 0.49
42, 503, 0.493
42, 531, 0.611
42, 537, 0.614
42, 547, 0.716
42, 560, 0.42
42, 561, 0.423
42, 569, 0.706
42, 573, 0.686
42, 584, 0.581
42, 593, 0.358
42, 615, 0.589
42, 617, 0.917
42, 621, 0.344
42, 628, 0.507
42, 640, 0.882
42, 655, 0.439
42, 666, 0.774
42, 683, 0.694
42, 687, 0.464
42, 693, 0.453
42, 699, 0.279
42, 727, 0.351
42, 738, 0.494
42, 774, 0.616
42, 799, 0.212
45, 28, 0.642
45, 42, 0.169
45, 45, 0.492
45, 80, 0.634
45, 85, 0.398
45, 106, 0.616
45, 112, 0.516
45, 123, 0.426
45, 134, 0.586
45, 139, 0.601
45, 157, 0.309
45, 178, 0.525
45, 199, 0.631
45, 208, 0.45
45, 213, 0.709
45, 215, 0.684
45, 221, 0.599
45, 229, 0.407
45, 237, 0.713
45, 254, 0.627
45, 297, 0.467
45, 344, 0.657
45, 424, 0.493
45, 429, 0.43
45, 442, 0.487
45, 454, 0.38
45, 478, 0.413
45, 479, 0.5
45, 479, 0.48
45, 480, 0.533
45, 500, 0.254
45, 503, 0.6
45, 531, 0.639
45, 537, 0.64
45, 547, 0.68
45, 560, 0.461
45, 561, 0.391
45, 569, 0.493
45, 573, 0.592
45, 584, 0.497
45, 593, 0.476
45, 615, 0.609
45, 617, 0.638
45, 621, 0.385
45, 628, 0.175
45, 640, 0.521
45, 655, 0.341
45, 666, 0.529
45, 683, 0.737
45, 687, 0.523
45, 693, 0.599
45, 699, 0.432
45, 727, 0.265
45, 738, 0.424
45, 774, 0.58
45, 799, 0.21
80, 28, 0.607
80, 42, 0.457
80, 45, 0.387
80, 80, 0.496
80, 85, 0.489
80, 106, 0.668
80, 112, 0.522
80, 123, 0.512
80, 134, 0.46
80, 139, 0.523
80, 157, 0.53
80, 178, 0.574
80, 199, 0.539
80, 208, 0.547
80, 213, 0.707
80, 215, 0.647
80, 221, 0.648
80, 229, 0.49
80, 237, 0.716
80, 254, 0.425
80, 297, 0.501
80, 344, 0.675
80, 424, 0.483
80, 429, 0.373
80, 442, 0.323
80, 454, 0.477
80, 478, 0.447
80, 479, 0.287
80, 479, 0.308
80, 480, 0.448
80, 500, 0.485
80, 503, 0.424
80, 531, 0.631
80, 537, 0.472
80, 547, 0.503
80, 560, 0.366
80, 561, 0.463
80, 569, 0.48
80, 573, 0.454
80, 584, 0.624
80, 593, 0.246
80, 615, 0.69
80, 617, 0.47
80, 621, 0.387
80, 628, 0.312
80, 640, 0.431
80, 655, 0.544
80, 666, 0.554
80, 683, 0.617
80, 687, 0.498
80, 693, 0.443
80, 699, 0.498
80, 727, 0.367
80, 738, 0.252
80, 774, 0.646
80, 799, 0.144
85, 28, 0.576
85, 42, 0.374
85, 45, 0.621
85, 80, 0.511
85, 85, 0.503
85, 106, 0.63
85, 112, 0.21
85, 123, 0.661
85, 134, 0.477
85, 139, 0.248
85, 157, 0.489
85, 178, 0.693
85, 199, 0.531
85, 208, 0.277
85, 213, 0.664
85, 215, 0.655
85, 221, 0.579
85, 229, 0.553
85, 237, 0.69
85, 254, 0.619
85, 297, 0.442
85, 344, 0.698
85, 424, 0.494
85, 429, 0.395
85, 442, 0.336
85, 454, 0.543
85, 478, 0.352
85, 479, 0.294
85, 479, 0.297
85, 480, 0.574
85, 500, 0.427
85, 503, 0.406
85, 531, 0.611
85, 537, 0.479
85, 547, 0.697
85, 560, 0.416
85, 561, 0.524
85, 569, 0.559
85, 573, 0.504
85, 584, 0.484
85, 593, 0.251
85, 615, 0.649
85, 617, 0.745
85, 621, 0.448
85, 628, 0.344
85, 640, 0.575
85, 655, 0.529
85, 666, 0.748
85, 683, 0.607
85, 687, 0.565
85, 693, 0.385
85, 699, 0.248
85, 727, 0.387
85, 738, 0.38
85, 774, 0.489
85, 799, 0.22
106, 28, 0.391
106, 42, 0.245
106, 45, 0.41
106, 80, 0.32
106, 85, 0.37
106, 106, 0.499
106, 112, 0.343
106, 123, 0.388
106, 134, 0.466
106, 139, 0.554
106, 157, 0.384
106, 178, 0.473
106, 199, 0.438
106, 208, 0.421
106, 213, 0.707
106, 215, 0.744
106, 221, 0.559
106, 229, 0.661
106, 237, 0.545
106, 254, 0.447
106, 297, 0.299
106, 344, 0.53
106, 424, 0.491
106, 429, 0.324
106, 442, 0.308
106, 454, 0.35
106, 478, 0.33
106, 479, 0.335
106, 479, 0.315
106, 480, 0.393
106, 500, 0.33
106, 503, 0.323
106, 531, 0.67
106, 537, 0.364
106, 547, 0.458
106, 560, 0.498
106, 561, 0.346
106, 569, 0.437
106, 573, 0.558
106, 584, 0.684
106, 593, 0.198
106, 615, 0.524
106, 617, 0.635
106, 621, 0.332
106, 628, 0.25
106, 640, 0.374
106, 655, 0.47
106, 666, 0.538
106, 683, 0.492
106, 687, 0.547
106, 693, 0.418
106, 699, 0.579
106, 727, 0.414
106, 738, 0.286
106, 774, 0.541
106, 799, 0.291
112, 28, 0.636
112, 42, 0.572
112, 45, 0.547
112, 80, 0.489
112, 85, 0.803
112, 106, 0.665
112, 112, 0.503
112, 123, 0.772
112, 134, 0.412
112, 139, 0.46
112, 157, 0.663
112, 178, 0.7
112, 199, 0.519
112, 208, 0.54
112, 213, 0.848
112, 215, 0.825
112, 221, 0.629
112, 229, 0.755
112, 237, 0.723
112, 254, 0.564
112, 297, 0.448
112, 344, 0.649
112, 424, 0.719
112, 429, 0.541
112, 442, 0.523
112, 454, 0.613
112, 478, 0.525
112, 479, 0.612
112, 479, 0.611
112, 480, 0.588
112, 500, 0.495
112, 503, 0.325
112, 531, 0.732
112, 537, 0.343
112, 547, 0.561
112, 560, 0.551
112, 561, 0.566
112, 569, 0.657
112, 573, 0.719
112, 584, 0.574
112, 593, 0.22
112, 615, 0.505
112, 617, 0.646
112, 621, 0.589
112, 628, 0.667
112, 640, 0.457
112, 655, 0.671
112, 666, 0.672
112, 683, 0.521
112, 687, 0.785
112, 693, 0.298
112, 699, 0.406
112, 727, 0.589
112, 738, 0.656
112, 774, 0.791
112, 799, 0.46
123, 28, 0.491
123, 42, 0.298
123, 45, 0.661
123, 80, 0.521
123, 85, 0.361
123, 106, 0.607
123, 112, 0.246
123, 123, 0.505
123, 134, 0.416
123, 139, 0.282
123, 157, 0.279
123, 178, 0.614
123, 199, 0.536
123, 208, 0.23
123, 213, 0.593
123, 215, 0.672
123, 221, 0.518
123, 229, 0.444
123, 237, 0.631
123, 254, 0.666
123, 297, 0.396
123, 344, 0.658
123, 424, 0.462
123, 429, 0.312
123, 442, 0.353
123, 454, 0.373
123, 478, 0.292
123, 479, 0.276
123, 479, 0.263
123, 480, 0.544
123, 500, 0.257
123, 503, 0.37
123, 531, 0.594
123, 537, 0.449
123, 547, 0.624
123, 560, 0.368
123, 561, 0.418
123, 569, 0.464
123, 573, 0.468
123, 584, 0.476
123, 593, 0.218
123, 615, 0.352
123, 617, 0.702
123, 621, 0.348
123, 628, 0.191
123, 640, 0.549
123, 655, 0.404
123, 666, 0.641
123, 683, 0.29
123, 687, 0.604
123, 693, 0.299
123, 699, 0.161
123, 727, 0.294
123, 738, 0.33
123, 774, 0.437
123, 799, 0.287
134, 28, 0.653
134, 42, 0.465
134, 45, 0.408
134, 80, 0.55
134, 85, 0.547
134, 106, 0.556
134, 112, 0.545
134, 123, 0.602
134, 134, 0.544
134, 139, 0.539
134, 157, 0.601
134, 178, 0.727
134, 199, 0.548
134, 208, 0.576
134, 213, 0.754
134, 215, 0.717
134, 221, 0.65
134, 229, 0.646
134, 237, 0.651
134, 254, 0.401
134, 297, 0.421
134, 344, 0.795
134, 424, 0.496
134, 429, 0.459
134, 442, 0.458
134, 454, 0.436
134, 478, 0.478
134, 479, 0.474
134, 479, 0.519
134, 480, 0.589
134, 500, 0.445
134, 503, 0.487
134, 531, 0.692
134, 537, 0.534
134, 547, 0.608
134, 560, 0.425
134, 561, 0.59
134, 569, 0.485
134, 573, 0.511
134, 584, 0.588
134, 593, 0.318
134, 615, 0.422
134, 617, 0.583
134, 621, 0.414
134, 628, 0.257
134, 640, 0.346
134, 655, 0.636
134, 666, 0.62
134, 683, 0.499
134, 687, 0.56
134, 693, 0.515
134, 699, 0.462
134, 727, 0.445
134, 738, 0.442
134, 774, 0.709
134, 799, 0.25
139, 28, 0.619
139, 42, 0.611
139, 45, 0.36
139, 80, 0.471
139, 85, 0.751
139, 106, 0.623
139, 112, 0.643
139, 123, 0.828
139, 134, 0.538
139, 139, 0.523
139, 157, 0.755
139, 178, 0.695
139, 199, 0.606
139, 208, 0.624
139, 213, 0.739
139, 215, 0.787
139, 221, 0.733
139, 229, 0.647
139, 237, 0.826
139, 254, 0.522
139, 297, 0.67
139, 344, 0.639
139, 424, 0.7
139, 429, 0.461
139, 442, 0.503
139, 454, 0.62
139, 478, 0.599
139, 479, 0.424
139, 479, 0.412
139, 480, 0.506
139, 500, 0.71
139, 503, 0.514
139, 531, 0.757
139, 537, 0.524
139, 547, 0.502
139, 560, 0.541
139, 561, 0.573
139, 569, 0.618
139, 573, 0.691
139, 584, 0.834
139, 593, 0.271
139, 615, 0.622
139, 617, 0.735
139, 621, 0.527
139, 628, 0.776
139, 640, 0.594
139, 655, 0.71
139, 666, 0.716
139, 683, 0.585
139, 687, 0.664
139, 693, 0.485
139, 699, 0.526
139, 727, 0.624
139, 738, 0.461
139, 774, 0.79
139, 799, 0.308
157, 28, 0.557
157, 42, 0.535
157, 45, 0.744
157, 80, 0.489
157, 85, 0.546
157, 106, 0.627
157, 112, 0.349
157, 123, 0.728
157, 134, 0.464
157, 139, 0.256
157, 157, 0.498
157, 178, 0.763
157, 199, 0.504
157, 208, 0.567
157, 213, 0.774
157, 215, 0.855
157, 221, 0.633
157, 229, 0.693
157, 237, 0.684
157, 254, 0.674
157, 297, 0.431
157, 344, 0.665
157, 424, 0.645
157, 429, 0.536
157, 442, 0.549
157, 454, 0.511
157, 478, 0.672
157, 479, 0.547
157, 479, 0.589
157, 480, 0.657
157, 500, 0.379
157, 503, 0.382
157, 531, 0.763
157, 537, 0.325
157, 547, 0.789
157, 560, 0.516
157, 561, 0.616
157, 569, 0.638
157, 573, 0.617
157, 584, 0.783
157, 593, 0.279
157, 615, 0.672
157, 617, 0.806
157, 621, 0.405
157, 628, 0.418
157, 640, 0.586
157, 655, 0.61
157, 666, 0.832
157, 683, 0.59
157, 687, 0.663
157, 693, 0.362
157, 699, 0.395
157, 727, 0.41
157, 738, 0.599
157, 774, 0.548
157, 799, 0.254
178, 28, 0.456
178, 42, 0.384
178, 45, 0.576
178, 80, 0.427
178, 85, 0.292
178, 106, 0.534
178, 112, 0.313
178, 123, 0.389
178, 134, 0.371
178, 139, 0.298
178, 157, 0.242
178, 178, 0.505
178, 199, 0.409
178, 208, 0.259
178, 213, 0.592
178, 215, 0.36
178, 221, 0.47
178, 229, 0.197
178, 237, 0.616
178, 254, 0.457
178, 297, 0.432
178, 344, 0.601
178, 424, 0.302
178, 429, 0.341
178, 442, 0.31
178, 454, 0.4
178, 478, 0.342
178, 479, 0.291
178, 479, 0.284
178, 480, 0.404
178, 500, 0.338
178, 503, 0.316
178, 531, 0.433
178, 537, 0.414
178, 547, 0.491
178, 560, 0.221
178, 561, 0.356
178, 569, 0.375
178, 573, 0.311
178, 584, 0.364
178, 593, 0.257
178, 615, 0.37
178, 617, 0.517
178, 621, 0.257
178, 628, 0.183
178, 640, 0.49
178, 655, 0.329
178, 666, 0.594
178, 683, 0.413
178, 687, 0.36
178, 693, 0.259
178, 699, 0.204
178, 727, 0.156
178, 738, 0.245
178, 774, 0.396
178, 799, 0.141
199, 28, 0.51
199, 42, 0.468
199, 45, 0.434
199, 80, 0.53
199, 85, 0.461
199, 106, 0.57
199, 112, 0.482
199, 123, 0.462
199, 134, 0.452
199, 139, 0.439
199, 157, 0.483
199, 178, 0.568
199, 199, 0.509
199, 208, 0.481
199, 213, 0.674
199, 215, 0.621
199, 221, 0.607
199, 229, 0.487
199, 237, 0.613
199, 254, 0.425
199, 297, 0.408
199, 344, 0.645
199, 424, 0.433
199, 429, 0.401
199, 442, 0.361
199, 454, 0.401
199, 478, 0.515
199, 479, 0.361
199, 479, 0.329
199, 480, 0.463
199, 500, 0.433
199, 503, 0.372
199, 531, 0.641
199, 537, 0.41
199, 547, 0.503
199, 560, 0.313
199, 561, 0.518
199, 569, 0.442
199, 573, 0.444
199, 584, 0.656
199, 593, 0.271
199, 615, 0.487
199, 617, 0.505
199, 621, 0.297
199, 628, 0.27
199, 640, 0.376
199, 655, 0.535
199, 666, 0.541
199, 683, 0.469
199, 687, 0.469
199, 693, 0.43
199, 699, 0.401
199, 727, 0.311
199, 738, 0.271
199, 774, 0.638
199, 799, 0.185
208, 28, 0.599
208, 42, 0.596
208, 45, 0.559
208, 80, 0.469
208, 85, 0.745
208, 106, 0.662
208, 112, 0.473
208, 123, 0.787
208, 134, 0.443
208, 139, 0.387
208, 157, 0.438
208, 178, 0.762
208, 199, 0.484
208, 208, 0.488
208, 213, 0.767
208, 215, 0.85
208, 221, 0.636
208, 229, 0.602
208, 237, 0.686
208, 254, 0.58
208, 297, 0.45
208, 344, 0.693
208, 424, 0.736
208, 429, 0.595
208, 442, 0.581
208, 454, 0.651
208, 478, 0.637
208, 479, 0.617
208, 479, 0.638
208, 480, 0.646
208, 500, 0.371
208, 503, 0.369
208, 531, 0.674
208, 537, 0.357
208, 547, 0.64
208, 560, 0.522
208, 561, 0.593
208, 569, 0.745
208, 573, 0.786
208, 584, 0.613
208, 593, 0.271
208, 615, 0.591
208, 617, 0.788
208, 621, 0.607
208, 628, 0.607
208, 640, 0.493
208, 655, 0.512
208, 666, 0.787
208, 683, 0.616
208, 687, 0.735
208, 693, 0.365
208, 699, 0.518
208, 727, 0.365
208, 738, 0.664
208, 774, 0.788
208, 799, 0.424
213, 28, 0.277
213, 42, 0.288
213, 45, 0.42
213, 80, 0.304
213, 85, 0.329
213, 106, 0.279
213, 112, 0.171
213, 123, 0.414
213, 134, 0.308
213, 139, 0.229
213, 157, 0.258
213, 178, 0.429
213, 199, 0.337
213, 208, 0.263
213, 213, 0.517
213, 215, 0.493
213, 221, 0.32
213, 229, 0.377
213, 237, 0.436
213, 254, 0.378
213, 297, 0.173
213, 344, 0.473
213, 424, 0.295
213, 429, 0.433
213, 442, 0.378
213, 454, 0.197
213, 478, 0.395
213, 479, 0.417
213, 479, 0.424
213, 480, 0.434
213, 500, 0.136
213, 503, 0.193
213, 531, 0.481
213, 537, 0.203
213, 547, 0.482
213, 560, 0.186
213, 561, 0.261
213, 569, 0.364
213, 573, 0.415
213, 584, 0.345
213, 593, 0.258
213, 615, 0.369
213, 617, 0.444
213, 621, 0.218
213, 628, 0.167
213, 640, 0.296
213, 655, 0.317
213, 666, 0.417
213, 683, 0.466
213, 687, 0.374
213, 693, 0.18
213, 699, 0.239
213, 727, 0.178
213, 738, 0.309
213, 774, 0.453
213, 799, 0.096
215, 28, 0.288
215, 42, 0.485
215, 45, 0.444
215, 80, 0.391
215, 85, 0.366
215, 106, 0.275
215, 112, 0.191
215, 123, 0.337
215, 134, 0.353
215, 139, 0.234
215, 157, 0.164
215, 178, 0.664
215, 199, 0.367
215, 208, 0.213
215, 213, 0.538
215, 215, 0.516
215, 221, 0.381
215, 229, 0.346
215, 237, 0.3
215, 254, 0.312
215, 297, 0.111
215, 344, 0.647
215, 424, 0.3
215, 429, 0.479
215, 442, 0.509
215, 454, 0.237
215, 478, 0.456
215, 479, 0.49
215, 479, 0.511
215, 480, 0.561
215, 500, 0.096
215, 503, 0.172
215, 531, 0.463
215, 537, 0.205
215, 547, 0.468
215, 560, 0.174
215, 561, 0.627
215, 569, 0.334
215, 573, 0.33
215, 584, 0.45
215, 593, 0.3
215, 615, 0.463
215, 617, 0.38
215, 621, 0.209
215, 628, 0.155
215, 640, 0.257
215, 655, 0.427
215, 666, 0.526
215, 683, 0.341
215, 687, 0.485
215, 693, 0.187
215, 699, 0.288
215, 727, 0.123
215, 738, 0.19
215, 774, 0.426
215, 799, 0.142
221, 28, 0.499
221, 42, 0.344
221, 45, 0.439
221, 80, 0.333
221, 85, 0.466
221, 106, 0.483
221, 112, 0.363
221, 123, 0.535
221, 134, 0.309
221, 139, 0.281
221, 157, 0.376
221, 178, 0.556
221, 199, 0.406
221, 208, 0.384
221, 213, 0.712
221, 215, 0.653
221, 221, 0.509
221, 229, 0.489
221, 237, 0.529
221, 254, 0.409
221, 297, 0.293
221, 344, 0.571
221, 424, 0.425
221, 429, 0.443
221, 442, 0.42
221, 454, 0.465
221, 478, 0.405
221, 479, 0.53
221, 479, 0.526
221, 480, 0.48
221, 500, 0.272
221, 503, 0.224
221, 531, 0.609
221, 537, 0.278
221, 547, 0.489
221, 560, 0.338
221, 561, 0.445
221, 569, 0.541
221, 573, 0.482
221, 584, 0.481
221, 593, 0.185
221, 615, 0.396
221, 617, 0.573
221, 621, 0.427
221, 628, 0.277
221, 640, 0.333
221, 655, 0.405
221, 666, 0.614
221, 683, 0.421
221, 687, 0.542
221, 693, 0.215
221, 699, 0.259
221, 727, 0.291
221, 738, 0.526
221, 774, 0.543
221, 799, 0.269
229, 28, 0.45
229, 42, 0.609
229, 45, 0.657
229, 80, 0.556
229, 85, 0.46
229, 106, 0.371
229, 112, 0.265
229, 123, 0.6
229, 134, 0.401
229, 139, 0.335
229, 157, 0.329
229, 178, 0.828
229, 199, 0.554
229, 208, 0.453
229, 213, 0.666
229, 215, 0.658
229, 221, 0.533
229, 229, 0.515
229, 237, 0.432
229, 254, 0.467
229, 297, 0.226
229, 344, 0.707
229, 424, 0.455
229, 429, 0.669
229, 442, 0.606
229, 454, 0.336
229, 478, 0.651
229, 479, 0.682
229, 479, 0.682
229, 480, 0.731
229, 500, 0.201
229, 503, 0.327
229, 531, 0.678
229, 537, 0.285
229, 547, 0.707
229, 560, 0.289
229, 561, 0.671
229, 569, 0.458
229, 573, 0.486
229, 584, 0.638
229, 593, 0.484
229, 615, 0.621
229, 617, 0.583
229, 621, 0.307
229, 628, 0.244
229, 640, 0.377
229, 655, 0.614
229, 666, 0.695
229, 683, 0.569
229, 687, 0.621
229, 693, 0.361
229, 699, 0.407
229, 727, 0.188
229, 738, 0.506
229, 774, 0.492
229, 799, 0.136
237, 28, 0.35
237, 42, 0.223
237, 45, 0.274
237, 80, 0.285
237, 85, 0.323
237, 106, 0.465
237, 112, 0.267
237, 123, 0.37
237, 134, 0.373
237, 139, 0.202
237, 157, 0.356
237, 178, 0.405
237, 199, 0.376
237, 208, 0.331
237, 213, 0.579
237, 215, 0.714
237, 221, 0.47
237, 229, 0.543
237, 237, 0.498
237, 254, 0.393
237, 297, 0.257
237, 344, 0.464
237, 424, 0.429
237, 429, 0.299
237, 442, 0.326
237, 454, 0.348
237, 478, 0.335
237, 479, 0.306
237, 479, 0.305
237, 480, 0.375
237, 500, 0.255
237, 503, 0.252
237, 531, 0.566
237, 537, 0.256
237, 547, 0.369
237, 560, 0.371
237, 561, 0.262
237, 569, 0.401
237, 573, 0.506
237, 584, 0.519
237, 593, 0.17
237, 615, 0.357
237, 617, 0.538
237, 621, 0.322
237, 628, 0.161
237, 640, 0.291
237, 655, 0.413
237, 666, 0.434
237, 683, 0.246
237, 687, 0.437
237, 693, 0.295
237, 699, 0.203
237, 727, 0.391
237, 738, 0.267
237, 774, 0.468
237, 799, 0.206
254, 28, 0.531
254, 42, 0.264
254, 45, 0.402
254, 80, 0.551
254, 85, 0.428
254, 106, 0.574
254, 112, 0.482
254, 123, 0.373
254, 134, 0.545
254, 139, 0.511
254, 157, 0.335
254, 178, 0.58
254, 199, 0.609
254, 208, 0.463
254, 213, 0.643
254, 215, 0.689
254, 221, 0.596
254, 229, 0.471
254, 237, 0.623
254, 254, 0.5
254, 297, 0.348
254, 344, 0.717
254, 424, 0.527
254, 429, 0.493
254, 442, 0.44
254, 454, 0.356
254, 478, 0.443
254, 479, 0.495
254, 479, 0.507
254, 480, 0.519
254, 500, 0.228
254, 503, 0.498
254, 531, 0.667
254, 537, 0.554
254, 547, 0.538
254, 560, 0.39
254, 561, 0.422
254, 569, 0.439
254, 573, 0.584
254, 584, 0.509
254, 593, 0.448
254, 615, 0.448
254, 617, 0.524
254, 621, 0.309
254, 628, 0.159
254, 640, 0.391
254, 655, 0.442
254, 666, 0.517
254, 683, 0.383
254, 687, 0.554
254, 693, 0.528
254, 699, 0.361
254, 727, 0.247
254, 738, 0.342
254, 774, 0.593
254, 799, 0.153
297, 28, 0.593
297, 42, 0.329
297, 45, 0.534
297, 80, 0.514
297, 85, 0.553
297, 106, 0.697
297, 112, 0.57
297, 123, 0.638
297, 134, 0.615
297, 139, 0.244
297, 157, 0.627
297, 178, 0.627
297, 199, 0.621
297, 208, 0.595
297, 213, 0.837
297, 215, 0.864
297, 221, 0.733
297, 229, 0.752
297, 237, 0.741
297, 254, 0.655
297, 297, 0.552
297, 344, 0.694
297, 424, 0.519
297, 429, 0.469
297, 442, 0.437
297, 454, 0.505
297, 478, 0.4
297, 479, 0.45
297, 479, 0.462
297, 480, 0.593
297, 500, 0.431
297, 503, 0.501
297, 531, 0.775
297, 537, 0.525
297, 547, 0.604
297, 560, 0.63
297, 561, 0.404
297, 569, 0.561
297, 573, 0.722
297, 584, 0.659
297, 593, 0.311
297, 615, 0.453
297, 617, 0.729
297, 621, 0.534
297, 628, 0.309
297, 640, 0.552
297, 655, 0.483
297, 666, 0.583
297, 683, 0.396
297, 687, 0.637
297, 693, 0.603
297, 699, 0.338
297, 727, 0.519
297, 738, 0.539
297, 774, 0.487
297, 799, 0.462
344, 28, 0.379
344, 42, 0.295
344, 45, 0.342
344, 80, 0.333
344, 85, 0.312
344, 106, 0.523
344, 112, 0.356
344, 123, 0.333
344, 134, 0.237
344, 139, 0.28
344, 157, 0.376
344, 178, 0.407
344, 199, 0.349
344, 208, 0.333
344, 213, 0.535
344, 215, 0.417
344, 221, 0.396
344, 229, 0.314
344, 237, 0.557
344, 254, 0.268
344, 297, 0.346
344, 344, 0.486
344, 424, 0.227
344, 429, 0.356
344, 442, 0.263
344, 454, 0.482
344, 478, 0.344
344, 479, 0.443
344, 479, 0.459
344, 480, 0.363
344, 500, 0.395
344, 503, 0.205
344, 531, 0.476
344, 537, 0.215
344, 547, 0.347
344, 560, 0.214
344, 561, 0.342
344, 569, 0.469
344, 573, 0.376
344, 584, 0.396
344, 593, 0.199
344, 615, 0.315
344, 617, 0.419
344, 621, 0.297
344, 628, 0.172
344, 640, 0.275
344, 655, 0.366
344, 666, 0.45
344, 683, 0.417
344, 687, 0.349
344, 693, 0.247
344, 699, 0.295
344, 727, 0.209
344, 738, 0.389
344, 774, 0.411
344, 799, 0.118
424, 28, 0.748
424, 42, 0.561
424, 45, 0.727
424, 80, 0.726
424, 85, 0.762
424, 106, 0.85
424, 112, 0.573
424, 123, 0.811
424, 134, 0.699
424, 139, 0.427
424, 157, 0.611
424, 178, 0.753
424, 199, 0.726
424, 208, 0.512
424, 213, 0.776
424, 215, 0.736
424, 221, 0.768
424, 229, 0.609
424, 237, 0.838
424, 254, 0.709
424, 297, 0.742
424, 344, 0.796
424, 424, 0.51
424, 429, 0.603
424, 442, 0.513
424, 454, 0.681
424, 478, 0.566
424, 479, 0.496
424, 479, 0.506
424, 480, 0.679
424, 500, 0.595
424, 503, 0.632
424, 531, 0.849
424, 537, 0.646
424, 547, 0.73
424, 560, 0.576
424, 561, 0.621
424, 569, 0.714
424, 573, 0.808
424, 584, 0.764
424, 593, 0.512
424, 615, 0.572
424, 617, 0.884
424, 621, 0.559
424, 628, 0.7
424, 640, 0.806
424, 655, 0.636
424, 666, 0.794
424, 683, 0.614
424, 687, 0.662
424, 693, 0.634
424, 699, 0.364
424, 727, 0.492
424, 738, 0.54
424, 774, 0.629
424, 799, 0.361
429, 28, 0.578
429, 42, 0.547
429, 45, 0.572
429, 80, 0.644
429, 85, 0.575
429, 106, 0.659
429, 112, 0.419
429, 123, 0.632
429, 134, 0.539
429, 139, 0.435
429, 157, 0.425
429, 178, 0.625
429, 199, 0.583
429, 208, 0.384
429, 213, 0.588
429, 215, 0.45
429, 221, 0.612
429, 229, 0.338
429, 237, 0.698
429, 254, 0.518
429, 297, 0.565
429, 344, 0.672
429, 424, 0.418
429, 429, 0.521
429, 442, 0.43
429, 454, 0.466
429, 478, 0.492
429, 479, 0.418
429, 479, 0.406
429, 480, 0.54
429, 500, 0.413
429, 503, 0.494
429, 531, 0.637
429, 537, 0.473
429, 547, 0.56
429, 560, 0.313
429, 561, 0.577
429, 569, 0.582
429, 573, 0.616
429, 584, 0.646
429, 593, 0.459
429, 615, 0.518
429, 617, 0.773
429, 621, 0.291
429, 628, 0.503
429, 640, 0.657
429, 655, 0.473
429, 666, 0.728
429, 683, 0.66
429, 687, 0.467
429, 693, 0.48
429, 699, 0.368
429, 727, 0.251
429, 738, 0.435
429, 774, 0.656
429, 799, 0.151
442, 28, 0.646
442, 42, 0.616
442, 45, 0.529
442, 80, 0.653
442, 85, 0.642
442, 106, 0.729
442, 112, 0.439
442, 123, 0.672
442, 134, 0.537
442, 139, 0.48
442, 157, 0.501
442, 178, 0.696
442, 199, 0.679
442, 208, 0.406
442, 213, 0.616
442, 215, 0.554
442, 221, 0.587
442, 229, 0.38
442, 237, 0.692
442, 254, 0.573
442, 297, 0.576
442, 344, 0.737
442, 424, 0.454
442, 429, 0.584
442, 442, 0.48
442, 454, 0.523
442, 478, 0.558
442, 479, 0.446
442, 479, 0.481
442, 480, 0.689
442, 500, 0.414
442, 503, 0.473
442, 531, 0.672
442, 537, 0.49
442, 547, 0.532
442, 560, 0.353
442, 561, 0.666
442, 569, 0.656
442, 573, 0.66
442, 584, 0.618
442, 593, 0.49
442, 615, 0.55
442, 617, 0.765
442, 621, 0.426
442, 628, 0.513
442, 640, 0.609
442, 655, 0.584
442, 666, 0.725
442, 683, 0.618
442, 687, 0.592
442, 693, 0.43
442, 699, 0.464
442, 727, 0.296
442, 738, 0.445
442, 774, 0.679
442, 799, 0.217
454, 28, 0.513
454, 42, 0.462
454, 45, 0.689
454, 80, 0.522
454, 85, 0.482
454, 106, 0.655
454, 112, 0.403
454, 123, 0.602
454, 134, 0.615
454, 139, 0.431
454, 157, 0.438
454, 178, 0.55
454, 199, 0.537
454, 208, 0.401
454, 213, 0.848
454, 215, 0.741
454, 221, 0.592
454, 229, 0.635
454, 237, 0.702
454, 254, 0.69
454, 297, 0.505
454, 344, 0.587
454, 424, 0.313
454, 429, 0.52
454, 442, 0.506
454, 454, 0.499
454, 478, 0.499
454, 479, 0.571
454, 479, 0.567
454, 480, 0.53
454, 500, 0.403
454, 503, 0.535
454, 531, 0.671
454, 537, 0.515
454, 547, 0.602
454, 560, 0.502
454, 561, 0.401
454, 569, 0.582
454, 573, 0.656
454, 584, 0.547
454, 593, 0.47
454, 615, 0.465
454, 617, 0.768
454, 621, 0.507
454, 628, 0.279
454, 640, 0.579
454, 655, 0.471
454, 666, 0.598
454, 683, 0.479
454, 687, 0.573
454, 693, 0.563
454, 699, 0.311
454, 727, 0.414
454, 738, 0.517
454, 774, 0.507
454, 799, 0.411
478, 28, 0.603
478, 42, 0.588
478, 45, 0.632
478, 80, 0.575
478, 85, 0.67
478, 106, 0.71
478, 112, 0.501
478, 123, 0.767
478, 134, 0.563
478, 139, 0.414
478, 157, 0.334
478, 178, 0.665
478, 199, 0.526
478, 208, 0.414
478, 213, 0.603
478, 215, 0.559
478, 221, 0.648
478, 229, 0.355
478, 237, 0.705
478, 254, 0.556
478, 297, 0.6
478, 344, 0.646
478, 424, 0.424
478, 429, 0.444
478, 442, 0.408
478, 454, 0.514
478, 478, 0.528
478, 479, 0.38
478, 479, 0.358
478, 480, 0.517
478, 500, 0.293
478, 503, 0.471
478, 531, 0.623
478, 537, 0.497
478, 547, 0.567
478, 560, 0.329
478, 561, 0.497
478, 569, 0.575
478, 573, 0.617
478, 584, 0.692
478, 593, 0.355
478, 615, 0.478
478, 617, 0.753
478, 621, 0.341
478, 628, 0.558
478, 640, 0.632
478, 655, 0.33
478, 666, 0.738
478, 683, 0.575
478, 687, 0.472
478, 693, 0.365
478, 699, 0.279
478, 727, 0.21
478, 738, 0.444
478, 774, 0.595
478, 799, 0.256
479, 28, 0.487
479, 42, 0.719
479, 45, 0.46
479, 80, 0.695
479, 85, 0.689
479, 106, 0.681
479, 112, 0.396
479, 123, 0.679
479, 134, 0.538
479, 139, 0.525
479, 157, 0.424
479, 178, 0.735
479, 199, 0.659
479, 208, 0.362
479, 213, 0.613
479, 215, 0.528
479, 221, 0.469
479, 229, 0.332
479, 237, 0.705
479, 254, 0.511
479, 297, 0.584
479, 344, 0.567
479, 424, 0.498
479, 429, 0.612
479, 442, 0.525
479, 454, 0.423
479, 478, 0.63
479, 479, 0.514
479, 479, 0.509
479, 480, 0.617
479, 500, 0.465
479, 503, 0.603
479, 531, 0.678
479, 537, 0.363
479, 547, 0.548
479, 560, 0.409
479, 561, 0.619
479, 569, 0.612
479, 573, 0.696
479, 584, 0.667
479, 593, 0.574
479, 615, 0.551
479, 617, 0.724
479, 621, 0.381
479, 628, 0.676
479, 640, 0.636
479, 655, 0.445
479, 666, 0.765
479, 683, 0.68
479, 687, 0.585
479, 693, 0.559
479, 699, 0.411
479, 727, 0.306
479, 738, 0.507
479, 774, 0.704
479, 799, 0.182
479, 28, 0.517
479, 42, 0.699
479, 45, 0.46
479, 80, 0.678
479, 85, 0.737
479, 106, 0.685
479, 112, 0.374
479, 123, 0.724
479, 134, 0.536
479, 139, 0.537
479, 157, 0.444
479, 178, 0.727
479, 199, 0.657
479, 208, 0.37
479, 213, 0.611
479, 215, 0.543
479, 221, 0.442
479, 229, 0.32
479, 237, 0.713
479, 254, 0.514
479, 297, 0.548
479, 344, 0.563
479, 424, 0.509
479, 429, 0.636
479, 442, 0.547
479, 454, 0.429
479, 478, 0.65
479, 479, 0.499
479, 479, 0.493
479, 480, 0.581
479, 500, 0.449
479, 503, 0.613
479, 531, 0.687
479, 537, 0.34
479, 547, 0.519
479, 560, 0.422
479, 561, 0.633
479, 569, 0.6
479, 573, 0.68
479, 584, 0.678
479, 593, 0.553
479, 615, 0.542
479, 617, 0.753
479, 621, 0.381
479, 628, 0.653
479, 640, 0.599
479, 655, 0.422
479, 666, 0.79
479, 683, 0.712
479, 687, 0.595
479, 693, 0.526
479, 699, 0.407
479, 727, 0.308
479, 738, 0.465
479, 774, 0.714
479, 799, 0.176
480, 28, 0.512
480, 42, 0.499
480, 45, 0.494
480, 80, 0.579
480, 85, 0.454
480, 106, 0.573
480, 112, 0.429
480, 123, 0.429
480, 134, 0.436
480, 139, 0.433
480, 157, 0.346
480, 178, 0.636
480, 199, 0.545
480, 208, 0.355
480, 213, 0.589
480, 215, 0.489
480, 221, 0.55
480, 229, 0.273
480, 237, 0.668
480, 254, 0.476
480, 297, 0.437
480, 344, 0.637
480, 424, 0.301
480, 429, 0.439
480, 442, 0.38
480, 454, 0.48
480, 478, 0.511
480, 479, 0.421
480, 479, 0.403
480, 480, 0.503
480, 500, 0.39
480, 503, 0.441
480, 531, 0.571
480, 537, 0.441
480, 547, 0.497
480, 560, 0.291
480, 561, 0.502
480, 569, 0.473
480, 573, 0.484
480, 584, 0.514
480, 593, 0.38
480, 615, 0.443
480, 617, 0.527
480, 621, 0.341
480, 628, 0.305
480, 640, 0.501
480, 655, 0.409
480, 666, 0.596
480, 683, 0.525
480, 687, 0.45
480, 693, 0.454
480, 699, 0.391
480, 727, 0.18
480, 738, 0.317
480, 774, 0.563
480, 799, 0.147
500, 28, 0.629
500, 42, 0.523
500, 45, 0.746
500, 80, 0.519
500, 85, 0.597
500, 106, 0.696
500, 112, 0.518
500, 123, 0.787
500, 134, 0.589
500, 139, 0.325
500, 157, 0.674
500, 178, 0.685
500, 199, 0.571
500, 208, 0.656
500, 213, 0.877
500, 215, 0.91
500, 221, 0.791
500, 229, 0.82
500, 237, 0.746
500, 254, 0.799
500, 297, 0.579
500, 344, 0.638
500, 424, 0.472
500, 429, 0.61
500, 442, 0.605
500, 454, 0.639
500, 478, 0.75
500, 479, 0.565
500, 479, 0.583
500, 480, 0.625
500, 500, 0.471
500, 503, 0.419
500, 531, 0.819
500, 537, 0.441
500, 547, 0.802
500, 560, 0.675
500, 561, 0.53
500, 569, 0.637
500, 573, 0.711
500, 584, 0.851
500, 593, 0.332
500, 615, 0.734
500, 617, 0.878
500, 621, 0.561
500, 628, 0.437
500, 640, 0.652
500, 655, 0.696
500, 666, 0.809
500, 683, 0.573
500, 687, 0.734
500, 693, 0.453
500, 699, 0.503
500, 727, 0.594
500, 738, 0.666
500, 774, 0.551
500, 799, 0.439
503, 28, 0.739
503, 42, 0.492
503, 45, 0.46
503, 80, 0.581
503, 85, 0.621
503, 106, 0.663
503, 112, 0.661
503, 123, 0.617
503, 134, 0.585
503, 139, 0.435
503, 157, 0.649
503, 178, 0.735
503, 199, 0.629
503, 208, 0.64
503, 213, 0.842
503, 215, 0.844
503, 221, 0.762
503, 229, 0.692
503, 237, 0.752
503, 254, 0.51
503, 297, 0.454
503, 344, 0.812
503, 424, 0.377
503, 429, 0.503
503, 442, 0.547
503, 454, 0.489
503, 478, 0.548
503, 479, 0.406
503, 479, 0.402
503, 480, 0.552
503, 500, 0.558
503, 503, 0.508
503, 531, 0.759
503, 537, 0.521
503, 547, 0.576
503, 560, 0.56
503, 561, 0.596
503, 569, 0.539
503, 573, 0.6
503, 584, 0.757
503, 593, 0.289
503, 615, 0.585
503, 617, 0.695
503, 621, 0.514
503, 628, 0.399
503, 640, 0.392
503, 655, 0.609
503, 666, 0.69
503, 683, 0.492
503, 687, 0.727
503, 693, 0.546
503, 699, 0.526
503, 727, 0.602
503, 738, 0.409
503, 774, 0.632
503, 799, 0.339
531, 28, 0.388
531, 42, 0.36
531, 45, 0.42
531, 80, 0.373
531, 85, 0.391
531, 106, 0.328
531, 112, 0.277
531, 123, 0.503
531, 134, 0.305
531, 139, 0.213
531, 157, 0.263
531, 178, 0.566
531, 199, 0.36
531, 208, 0.332
531, 213, 0.572
531, 215, 0.535
531, 221, 0.454
531, 229, 0.328
531, 237, 0.402
531, 254, 0.336
531, 297, 0.546
531, 344, 0.636
531, 424, 0.457
531, 429, 0.477
531, 442, 0.454
531, 454, 0.586
531, 478, 0.502
531, 479, 0.423
531, 479, 0.404
531, 480, 0.523
531, 500, 0.461
531, 503, 0.513
531, 531, 0.518
531, 537, 0.494
531, 547, 0.621
531, 560, 0.431
531, 561, 0.484
531, 569, 0.603
531, 573, 0.708
531, 584, 0.652
531, 593, 0.35
531, 615, 0.446
531, 617, 0.748
531, 621, 0.446
531, 628, 0.565
531, 640, 0.694
531, 655, 0.447
531, 666, 0.703
531, 683, 0.51
531, 687, 0.51
531, 693, 0.479
531, 699, 0.308
531, 727, 0.349
531, 738, 0.419
531, 774, 0.586
531, 799, 0.285
537, 28, 0.699
537, 42, 0.309
537, 45, 0.485
537, 80, 0.593
537, 85, 0.515
537, 106, 0.649
537, 112, 0.647
537, 123, 0.493
537, 134, 0.569
537, 139, 0.435
537, 157, 0.642
537, 178, 0.575
537, 199, 0.593
537, 208, 0.708
537, 213, 0.817
537, 215, 0.75
537, 221, 0.675
537, 229, 0.69
537, 237, 0.733
537, 254, 0.479
537, 297, 0.485
537, 344, 0.765
537, 424, 0.352
537, 429, 0.502
537, 442, 0.503
537, 454, 0.476
537, 478, 0.52
537, 479, 0.651
537, 479, 0.673
537, 480, 0.558
537, 500, 0.591
537, 503, 0.521
537, 531, 0.536
537, 537, 0.48
537, 547, 0.597
537, 560, 0.545
537, 561, 0.482
537, 569, 0.562
537, 573, 0.665
537, 584, 0.568
537, 593, 0.401
537, 615, 0.417
537, 617, 0.563
537, 621, 0.57
537, 628, 0.303
537, 640, 0.364
537, 655, 0.578
537, 666, 0.552
537, 683, 0.556
537, 687, 0.672
537, 693, 0.584
537, 699, 0.49
537, 727, 0.611
537, 738, 0.577
537, 774, 0.585
537, 799, 0.368
547, 28, 0.552
547, 42, 0.292
547, 45, 0.392
547, 80, 0.55
547, 85, 0.287
547, 106, 0.562
547, 112, 0.476
547, 123, 0.406
547, 134, 0.405
547, 139, 0.458
547, 157, 0.197
547, 178, 0.497
547, 199, 0.502
547, 208, 0.38
547, 213, 0.54
547, 215, 0.532
547, 221, 0.461
547, 229, 0.276
547, 237, 0.615
547, 254, 0.521
547, 297, 0.453
547, 344, 0.764
547, 424, 0.512
547, 429, 0.573
547, 442, 0.535
547, 454, 0.56
547, 478, 0.529
547, 479, 0.54
547, 479, 0.545
547, 480, 0.638
547, 500, 0.449
547, 503, 0.685
547, 531, 0.575
547, 537, 0.65
547, 547, 0.49
547, 560, 0.59
547, 561, 0.425
547, 569, 0.509
547, 573, 0.803
547, 584, 0.53
547, 593, 0.505
547, 615, 0.454
547, 617, 0.743
547, 621, 0.506
547, 628, 0.371
547, 640, 0.736
547, 655, 0.401
547, 666, 0.644
547, 683, 0.565
547, 687, 0.639
547, 693, 0.559
547, 699, 0.39
547, 727, 0.347
547, 738, 0.528
547, 774, 0.62
547, 799, 0.339
560, 28, 0.529
560, 42, 0.611
560, 45, 0.59
560, 80, 0.633
560, 85, 0.577
560, 106, 0.531
560, 112, 0.442
560, 123, 0.69
560, 134, 0.583
560, 139, 0.481
560, 157, 0.493
560, 178, 0.763
560, 199, 0.719
560, 208, 0.496
560, 213, 0.843
560, 215, 0.834
560, 221, 0.7
560, 229, 0.729
560, 237, 0.63
560, 254, 0.612
560, 297, 0.376
560, 344, 0.801
560, 424, 0.436
560, 429, 0.69
560, 442, 0.667
560, 454, 0.47
560, 478, 0.693
560, 479, 0.603
560, 479, 0.587
560, 480, 0.726
560, 500, 0.338
560, 503, 0.445
560, 531, 0.598
560, 537, 0.462
560, 547, 0.447
560, 560, 0.499
560, 561, 0.707
560, 569, 0.595
560, 573, 0.651
560, 584, 0.705
560, 593, 0.542
560, 615, 0.645
560, 617, 0.776
560, 621, 0.612
560, 628, 0.35
560, 640, 0.457
560, 655, 0.7
560, 666, 0.752
560, 683, 0.501
560, 687, 0.779
560, 693, 0.516
560, 699, 0.534
560, 727, 0.445
560, 738, 0.459
560, 774, 0.639
560, 799, 0.421
561, 28, 0.622
561, 42, 0.563
561, 45, 0.693
561, 80, 0.521
561, 85, 0.497
561, 106, 0.651
561, 112, 0.46
561, 123, 0.623
561, 134, 0.431
561, 139, 0.475
561, 157, 0.385
561, 178, 0.681
561, 199, 0.499
561, 208, 0.458
561, 213, 0.749
561, 215, 0.442
561, 221, 0.615
561, 229, 0.366
561, 237, 0.761
561, 254, 0.623
561, 297, 0.623
561, 344, 0.693
561, 424, 0.372
561, 429, 0.457
561, 442, 0.387
561, 454, 0.617
561, 478, 0.501
561, 479, 0.397
561, 479, 0.369
561, 480, 0.493
561, 500, 0.492
561, 503, 0.411
561, 531, 0.478
561, 537, 0.539
561, 547, 0.614
561, 560, 0.316
561, 561, 0.49
561, 569, 0.55
561, 573, 0.456
561, 584, 0.468
561, 593, 0.358
561, 615, 0.394
561, 617, 0.634
561, 621, 0.367
561, 628, 0.321
561, 640, 0.611
561, 655, 0.48
561, 666, 0.759
561, 683, 0.566
561, 687, 0.408
561, 693, 0.391
561, 699, 0.298
561, 727, 0.193
561, 738, 0.352
561, 774, 0.567
561, 799, 0.19
569, 28, 0.483
569, 42, 0.314
569, 45, 0.645
569, 80, 0.59
569, 85, 0.517
569, 106, 0.658
569, 112, 0.504
569, 123, 0.76
569, 134, 0.725
569, 139, 0.479
569, 157, 0.576
569, 178, 0.662
569, 199, 0.674
569, 208, 0.363
569, 213, 0.706
569, 215, 0.719
569, 221, 0.67
569, 229, 0.606
569, 237, 0.782
569, 254, 0.76
569, 297, 0.704
569, 344, 0.632
569, 424, 0.518
569, 429, 0.497
569, 442, 0.426
569, 454, 0.562
569, 478, 0.507
569, 479, 0.401
569, 479, 0.447
569, 480, 0.596
569, 500, 0.579
569, 503, 0.663
569, 531, 0.596
569, 537, 0.622
569, 547, 0.596
569, 560, 0.547
569, 561, 0.543
569, 569, 0.492
569, 573, 0.847
569, 584, 0.756
569, 593, 0.423
569, 615, 0.573
569, 617, 0.93
569, 621, 0.481
569, 628, 0.618
569, 640, 0.829
569, 655, 0.555
569, 666, 0.816
569, 683, 0.628
569, 687, 0.588
569, 693, 0.648
569, 699, 0.345
569, 727, 0.466
569, 738, 0.61
569, 774, 0.563
569, 799, 0.387
573, 28, 0.453
573, 42, 0.302
573, 45, 0.435
573, 80, 0.525
573, 85, 0.507
573, 106, 0.465
573, 112, 0.298
573, 123, 0.533
573, 134, 0.467
573, 139, 0.235
573, 157, 0.409
573, 178, 0.697
573, 199, 0.562
573, 208, 0.263
573, 213, 0.625
573, 215, 0.688
573, 221, 0.494
573, 229, 0.539
573, 237, 0.506
573, 254, 0.427
573, 297, 0.272
573, 344, 0.689
573, 424, 0.181
573, 429, 0.37
573, 442, 0.356
573, 454, 0.332
573, 478, 0.413
573, 479, 0.353
573, 479, 0.342
573, 480, 0.534
573, 500, 0.273
573, 503, 0.423
573, 531, 0.316
573, 537, 0.344
573, 547, 0.21
573, 560, 0.355
573, 561, 0.561
573, 569, 0.205
573, 573, 0.489
573, 584, 0.579
573, 593, 0.317
573, 615, 0.375
573, 617, 0.574
573, 621, 0.34
573, 628, 0.3
573, 640, 0.329
573, 655, 0.456
573, 666, 0.662
573, 683, 0.312
573, 687, 0.573
573, 693, 0.458
573, 699, 0.264
573, 727, 0.282
573, 738, 0.352
573, 774, 0.411
573, 799, 0.177
584, 28, 0.596
584, 42, 0.431
584, 45, 0.581
584, 80, 0.365
584, 85, 0.524
584, 106, 0.408
584, 112, 0.453
584, 123, 0.618
584, 134, 0.424
584, 139, 0.303
584, 157, 0.217
584, 178, 0.7
584, 199, 0.373
584, 208, 0.412
584, 213, 0.665
584, 215, 0.579
584, 221, 0.633
584, 229, 0.431
584, 237, 0.496
584, 254, 0.531
584, 297, 0.385
584, 344, 0.692
584, 424, 0.23
584, 429, 0.393
584, 442, 0.376
584, 454, 0.457
584, 478, 0.344
584, 479, 0.407
584, 479, 0.338
584, 480, 0.467
584, 500, 0.157
584, 503, 0.273
584, 531, 0.371
584, 537, 0.45
584, 547, 0.444
584, 560, 0.315
584, 561, 0.591
584, 569, 0.25
584, 573, 0.434
584, 584, 0.525
584, 593, 0.16
584, 615, 0.308
584, 617, 0.615
584, 621, 0.429
584, 628, 0.36
584, 640, 0.387
584, 655, 0.349
584, 666, 0.688
584, 683, 0.4
584, 687, 0.557
584, 693, 0.264
584, 699, 0.207
584, 727, 0.171
584, 738, 0.389
584, 774, 0.507
584, 799, 0.402
593, 28, 0.828
593, 42, 0.613
593, 45, 0.553
593, 80, 0.761
593, 85, 0.703
593, 106, 0.784
593, 112, 0.787
593, 123, 0.734
593, 134, 0.734
593, 139, 0.653
593, 157, 0.739
593, 178, 0.706
593, 199, 0.715
593, 208, 0.698
593, 213, 0.751
593, 215, 0.592
593, 221, 0.798
593, 229, 0.488
593, 237, 0.826
593, 254, 0.54
593, 297, 0.731
593, 344, 0.83
593, 424, 0.516
593, 429, 0.541
593, 442, 0.506
593, 454, 0.551
593, 478, 0.634
593, 479, 0.454
593, 479, 0.477
593, 480, 0.597
593, 500, 0.711
593, 503, 0.718
593, 531, 0.669
593, 537, 0.646
593, 547, 0.518
593, 560, 0.501
593, 561, 0.632
593, 569, 0.58
593, 573, 0.699
593, 584, 0.862
593, 593, 0.492
593, 615, 0.647
593, 617, 0.843
593, 621, 0.465
593, 628, 0.596
593, 640, 0.61
593, 655, 0.611
593, 666, 0.79
593, 683, 0.738
593, 687, 0.559
593, 693, 0.712
593, 699, 0.629
593, 727, 0.525
593, 738, 0.538
593, 774, 0.815
593, 799, 0.298
615, 28, 0.63
615, 42, 0.522
615, 45, 0.689
615, 80, 0.566
615, 85, 0.628
615, 106, 0.65
615, 112, 0.568
615, 123, 0.708
615, 134, 0.604
615, 139, 0.435
615, 157, 0.35
615, 178, 0.706
615, 199, 0.55
615, 208, 0.427
615, 213, 0.641
615, 215, 0.584
615, 221, 0.695
615, 229, 0.41
615, 237, 0.665
615, 254, 0.609
615, 297, 0.602
615, 344, 0.712
615, 424, 0.449
615, 429, 0.505
615, 442, 0.462
615, 454, 0.512
615, 478, 0.54
615, 479, 0.444
615, 479, 0.434
615, 480, 0.585
615, 500, 0.298
615, 503, 0.441
615, 531, 0.574
615, 537, 0.592
615, 547, 0.584
615, 560, 0.358
615, 561, 0.603
615, 569, 0.423
615, 573, 0.663
615, 584, 0.73
615, 593, 0.372
615, 615, 0.509
615, 617, 0.792
615, 621, 0.391
615, 628, 0.518
615, 640, 0.636
615, 655, 0.442
615, 666, 0.775
615, 683, 0.582
615, 687, 0.532
615, 693, 0.392
615, 699, 0.323
615, 727, 0.25
615, 738, 0.511
615, 774, 0.601
615, 799, 0.349
617, 28, 0.472
617, 42, 0.09
617, 45, 0.569
617, 80, 0.501
617, 85, 0.271
617, 106, 0.593
617, 112, 0.539
617, 123, 0.577
617, 134, 0.589
617, 139, 0.354
617, 157, 0.362
617, 178, 0.48
617, 199, 0.573
617, 208, 0.383
617, 213, 0.587
617, 215, 0.6
617, 221, 0.689
617, 229, 0.434
617, 237, 0.64
617, 254, 0.648
617, 297, 0.555
617, 344, 0.699
617, 424, 0.357
617, 429, 0.302
617, 442, 0.312
617, 454, 0.373
617, 478, 0.347
617, 479, 0.279
617, 479, 0.304
617, 480, 0.605
617, 500, 0.327
617, 503, 0.508
617, 531, 0.461
617, 537, 0.62
617, 547, 0.39
617, 560, 0.371
617, 561, 0.413
617, 569, 0.282
617, 573, 0.676
617, 584, 0.663
617, 593, 0.262
617, 615, 0.354
617, 617, 0.507
617, 621, 0.321
617, 628, 0.386
617, 640, 0.66
617, 655, 0.45
617, 666, 0.626
617, 683, 0.428
617, 687, 0.549
617, 693, 0.461
617, 699, 0.264
617, 727, 0.321
617, 738, 0.51
617, 774, 0.413
617, 799, 0.337
621, 28, 0.542
621, 42, 0.641
621, 45, 0.672
621, 80, 0.622
621, 85, 0.619
621, 106, 0.623
621, 112, 0.394
621, 123, 0.717
621, 134, 0.576
621, 139, 0.478
621, 157, 0.62
621, 178, 0.78
621, 199, 0.71
621, 208, 0.394
621, 213, 0.8
621, 215, 0.812
621, 221, 0.615
621, 229, 0.651
621, 237, 0.698
621, 254, 0.669
621, 297, 0.409
621, 344, 0.708
621, 424, 0.458
621, 429, 0.685
621, 442, 0.588
621, 454, 0.478
621, 478, 0.707
621, 479, 0.643
621, 479, 0.662
621, 480, 0.692
621, 500, 0.472
621, 503, 0.506
621, 531, 0.574
621, 537, 0.435
621, 547, 0.503
621, 560, 0.429
621, 561, 0.634
621, 569, 0.497
621, 573, 0.67
621, 584, 0.603
621, 593, 0.559
621, 615, 0.601
621, 617, 0.73
621, 621, 0.49
621, 628, 0.352
621, 640, 0.526
621, 655, 0.715
621, 666, 0.802
621, 683, 0.583
621, 687, 0.654
621, 693, 0.513
621, 699, 0.425
621, 727, 0.43
621, 738, 0.611
621, 774, 0.631
621, 799, 0.272
628, 28, 0.701
628, 42, 0.535
628, 45, 0.853
628, 80, 0.675
628, 85, 0.688
628, 106, 0.806
628, 112, 0.365
628, 123, 0.852
628, 134, 0.75
628, 139, 0.309
628, 157, 0.627
628, 178, 0.814
628, 199, 0.739
628, 208, 0.424
628, 213, 0.845
628, 215, 0.84
628, 221, 0.809
628, 229, 0.771
628, 237, 0.853
628, 254, 0.841
628, 297, 0.702
628, 344, 0.815
628, 424, 0.33
628, 429, 0.496
628, 442, 0.482
628, 454, 0.749
628, 478, 0.488
628, 479, 0.38
628, 479, 0.362
628, 480, 0.722
628, 500, 0.607
628, 503, 0.617
628, 531, 0.437
628, 537, 0.743
628, 547, 0.603
628, 560, 0.671
628, 561, 0.704
628, 569, 0.416
628, 573, 0.691
628, 584, 0.692
628, 593, 0.372
628, 615, 0.506
628, 617, 0.653
628, 621, 0.666
628, 628, 0.477
628, 640, 0.765
628, 655, 0.742
628, 666, 0.92
628, 683, 0.496
628, 687, 0.77
628, 693, 0.655
628, 699, 0.227
628, 727, 0.578
628, 738, 0.604
628, 774, 0.443
628, 799, 0.554
640, 28, 0.624
640, 42, 0.168
640, 45, 0.53
640, 80, 0.566
640, 85, 0.445
640, 106, 0.621
640, 112, 0.576
640, 123, 0.48
640, 134, 0.652
640, 139, 0.409
640, 157, 0.408
640, 178, 0.512
640, 199, 0.646
640, 208, 0.532
640, 213, 0.702
640, 215, 0.761
640, 221, 0.667
640, 229, 0.597
640, 237, 0.733
640, 254, 0.626
640, 297, 0.453
640, 344, 0.72
640, 424, 0.208
640, 429, 0.361
640, 442, 0.4
640, 454, 0.468
640, 478, 0.356
640, 479, 0.382
640, 479, 0.398
640, 480, 0.573
640, 500, 0.371
640, 503, 0.588
640, 531, 0.305
640, 537, 0.637
640, 547, 0.259
640, 560, 0.573
640, 561, 0.392
640, 569, 0.197
640, 573, 0.69
640, 584, 0.615
640, 593, 0.4
640, 615, 0.34
640, 617, 0.358
640, 621, 0.451
640, 628, 0.263
640, 640, 0.493
640, 655, 0.417
640, 666, 0.58
640, 683, 0.324
640, 687, 0.636
640, 693, 0.671
640, 699, 0.317
640, 727, 0.39
640, 738, 0.453
640, 774, 0.391
640, 799, 0.341
655, 28, 0.552
655, 42, 0.474
655, 45, 0.712
655, 80, 0.533
655, 85, 0.462
655, 106, 0.595
655, 112, 0.367
655, 123, 0.57
655, 134, 0.476
655, 139, 0.393
655, 157, 0.349
655, 178, 0.626
655, 199, 0.508
655, 208, 0.555
655, 213, 0.694
655, 215, 0.585
655, 221, 0.639
655, 229, 0.376
655, 237, 0.656
655, 254, 0.635
655, 297, 0.524
655, 344, 0.669
655, 424, 0.372
655, 429, 0.561
655, 442, 0.44
655, 454, 0.516
655, 478, 0.643
655, 479, 0.557
655, 479, 0.567
655, 480, 0.589
655, 500, 0.331
655, 503, 0.39
655, 531, 0.571
655, 537, 0.41
655, 547, 0.64
655, 560, 0.321
655, 561, 0.515
655, 569, 0.438
655, 573, 0.512
655, 584, 0.668
655, 593, 0.386
655, 615, 0.566
655, 617, 0.544
655, 621, 0.298
655, 628, 0.282
655, 640, 0.619
655, 655, 0.523
655, 666, 0.707
655, 683, 0.639
655, 687, 0.466
655, 693, 0.39
655, 699, 0.407
655, 727, 0.13
655, 738, 0.541
655, 774, 0.478
655, 799, 0.127
666, 28, 0.474
666, 42, 0.218
666, 45, 0.624
666, 80, 0.458
666, 85, 0.286
666, 106, 0.48
666, 112, 0.317
666, 123, 0.405
666, 134, 0.453
666, 139, 0.375
666, 157, 0.189
666, 178, 0.453
666, 199, 0.456
666, 208, 0.282
666, 213, 0.588
666, 215, 0.463
666, 221, 0.408
666, 229, 0.324
666, 237, 0.58
666, 254, 0.547
666, 297, 0.399
666, 344, 0.586
666, 424, 0.226
666, 429, 0.267
666, 442, 0.329
666, 454, 0.359
666, 478, 0.267
666, 479, 0.308
666, 479, 0.322
666, 480, 0.445
666, 500, 0.236
666, 503, 0.369
666, 531, 0.329
666, 537, 0.467
666, 547, 0.385
666, 560, 0.289
666, 561, 0.242
666, 569, 0.209
666, 573, 0.405
666, 584, 0.322
666, 593, 0.313
666, 615, 0.208
666, 617, 0.371
666, 621, 0.202
666, 628, 0.125
666, 640, 0.47
666, 655, 0.285
666, 666, 0.485
666, 683, 0.364
666, 687, 0.462
666, 693, 0.344
666, 699, 0.159
666, 727, 0.191
666, 738, 0.253
666, 774, 0.3
666, 799, 0.202
683, 28, 0.561
683, 42, 0.357
683, 45, 0.461
683, 80, 0.565
683, 85, 0.635
683, 106, 0.752
683, 112, 0.484
683, 123, 0.642
683, 134, 0.511
683, 139, 0.38
683, 157, 0.43
683, 178, 0.576
683, 199, 0.538
683, 208, 0.379
683, 213, 0.573
683, 215, 0.569
683, 221, 0.582
683, 229, 0.38
683, 237, 0.755
683, 254, 0.565
683, 297, 0.602
683, 344, 0.61
683, 424, 0.42
683, 429, 0.345
683, 442, 0.396
683, 454, 0.491
683, 478, 0.416
683, 479, 0.304
683, 479, 0.311
683, 480, 0.509
683, 500, 0.451
683, 503, 0.524
683, 531, 0.505
683, 537, 0.472
683, 547, 0.396
683, 560, 0.49
683, 561, 0.464
683, 569, 0.389
683, 573, 0.714
683, 584, 0.65
683, 593, 0.273
683, 615, 0.422
683, 617, 0.569
683, 621, 0.43
683, 628, 0.499
683, 640, 0.687
683, 655, 0.364
683, 666, 0.651
683, 683, 0.508
683, 687, 0.486
683, 693, 0.454
683, 699, 0.331
683, 727, 0.35
683, 738, 0.452
683, 774, 0.601
683, 799, 0.337
687, 28, 0.353
687, 42, 0.524
687, 45, 0.502
687, 80, 0.512
687, 85, 0.452
687, 106, 0.518
687, 112, 0.251
687, 123, 0.47
687, 134, 0.431
687, 139, 0.353
687, 157, 0.306
687, 178, 0.636
687, 199, 0.522
687, 208, 0.286
687, 213, 0.645
687, 215, 0.515
687, 221, 0.536
687, 229, 0.396
687, 237, 0.573
687, 254, 0.436
687, 297, 0.368
687, 344, 0.659
687, 424, 0.344
687, 429, 0.536
687, 442, 0.429
687, 454, 0.45
687, 478, 0.538
687, 479, 0.447
687, 479, 0.427
687, 480, 0.57
687, 500, 0.279
687, 503, 0.279
687, 531, 0.464
687, 537, 0.343
687, 547, 0.348
687, 560, 0.238
687, 561, 0.588
687, 569, 0.415
687, 573, 0.45
687, 584, 0.489
687, 593, 0.423
687, 615, 0.484
687, 617, 0.466
687, 621, 0.319
687, 628, 0.254
687, 640, 0.379
687, 655, 0.523
687, 666, 0.541
687, 683, 0.494
687, 687, 0.496
687, 693, 0.303
687, 699, 0.335
687, 727, 0.193
687, 738, 0.298
687, 774, 0.529
687, 799, 0.115
693, 28, 0.759
693, 42, 0.552
693, 45, 0.452
693, 80, 0.575
693, 85, 0.653
693, 106, 0.625
693, 112, 0.702
693, 123, 0.653
693, 134, 0.535
693, 139, 0.435
693, 157, 0.654
693, 178, 0.755
693, 199, 0.59
693, 208, 0.673
693, 213, 0.83
693, 215, 0.821
693, 221, 0.751
693, 229, 0.681
693, 237, 0.716
693, 254, 0.48
693, 297, 0.416
693, 344, 0.777
693, 424, 0.357
693, 429, 0.51
693, 442, 0.57
693, 454, 0.453
693, 478, 0.616
693, 479, 0.482
693, 479, 0.498
693, 480, 0.556
693, 500, 0.569
693, 503, 0.474
693, 531, 0.53
693, 537, 0.463
693, 547, 0.462
693, 560, 0.497
693, 561, 0.619
693, 569, 0.375
693, 573, 0.577
693, 584, 0.772
693, 593, 0.316
693, 615, 0.617
693, 617, 0.539
693, 621, 0.47
693, 628, 0.388
693, 640, 0.359
693, 655, 0.659
693, 666, 0.685
693, 683, 0.577
693, 687, 0.657
693, 693, 0.482
693, 699, 0.554
693, 727, 0.584
693, 738, 0.402
693, 774, 0.691
693, 799, 0.342
699, 28, 0.687
699, 42, 0.714
699, 45, 0.685
699, 80, 0.66
699, 85, 0.873
699, 106, 0.787
699, 112, 0.591
699, 123, 0.863
699, 134, 0.588
699, 139, 0.503
699, 157, 0.616
699, 178, 0.789
699, 199, 0.604
699, 208, 0.484
699, 213, 0.769
699, 215, 0.739
699, 221, 0.767
699, 229, 0.575
699, 237, 0.764
699, 254, 0.624
699, 297, 0.688
699, 344, 0.714
699, 424, 0.601
699, 429, 0.642
699, 442, 0.546
699, 454, 0.677
699, 478, 0.679
699, 479, 0.607
699, 479, 0.59
699, 480, 0.663
699, 500, 0.544
699, 503, 0.464
699, 531, 0.709
699, 537, 0.533
699, 547, 0.623
699, 560, 0.48
699, 561, 0.721
699, 569, 0.643
699, 573, 0.752
699, 584, 0.819
699, 593, 0.338
699, 615, 0.678
699, 617, 0.757
699, 621, 0.564
699, 628, 0.756
699, 640, 0.688
699, 655, 0.613
699, 666, 0.847
699, 683, 0.669
699, 687, 0.649
699, 693, 0.45
699, 699, 0.52
699, 727, 0.473
699, 738, 0.614
699, 774, 0.715
699, 799, 0.395
727, 28, 0.585
727, 42, 0.65
727, 45, 0.781
727, 80, 0.635
727, 85, 0.653
727, 106, 0.571
727, 112, 0.441
727, 123, 0.741
727, 134, 0.601
727, 139, 0.377
727, 157, 0.588
727, 178, 0.858
727, 199, 0.702
727, 208, 0.64
727, 213, 0.853
727, 215, 0.907
727, 221, 0.756
727, 229, 0.809
727, 237, 0.671
727, 254, 0.78
727, 297, 0.467
727, 344, 0.791
727, 424, 0.519
727, 429, 0.746
727, 442, 0.726
727, 454, 0.583
727, 478, 0.768
727, 479, 0.721
727, 479, 0.714
727, 480, 0.85
727, 500, 0.443
727, 503, 0.403
727, 531, 0.658
727, 537, 0.432
727, 547, 0.674
727, 560, 0.567
727, 561, 0.829
727, 569, 0.576
727, 573, 0.711
727, 584, 0.856
727, 593, 0.514
727, 615, 0.75
727, 617, 0.725
727, 621, 0.558
727, 628, 0.418
727, 640, 0.626
727, 655, 0.85
727, 666, 0.856
727, 683, 0.669
727, 687, 0.846
727, 693, 0.421
727, 699, 0.514
727, 727, 0.503
727, 738, 0.623
727, 774, 0.548
727, 799, 0.451
738, 28, 0.461
738, 42, 0.536
738, 45, 0.603
738, 80, 0.756
738, 85, 0.629
738, 106, 0.71
738, 112, 0.369
738, 123, 0.694
738, 134, 0.597
738, 139, 0.485
738, 157, 0.389
738, 178, 0.765
738, 199, 0.744
738, 208, 0.347
738, 213, 0.741
738, 215, 0.8
738, 221, 0.516
738, 229, 0.519
738, 237, 0.746
738, 254, 0.663
738, 297, 0.482
738, 344, 0.601
738, 424, 0.499
738, 429, 0.55
738, 442, 0.602
738, 454, 0.491
738, 478, 0.584
738, 479, 0.553
738, 479, 0.523
738, 480, 0.691
738, 500, 0.348
738, 503, 0.604
738, 531, 0.558
738, 537, 0.451
738, 547, 0.495
738, 560, 0.547
738, 561, 0.652
738, 569, 0.412
738, 573, 0.674
738, 584, 0.638
738, 593, 0.499
738, 615, 0.544
738, 617, 0.557
738, 621, 0.424
738, 628, 0.42
738, 640, 0.553
738, 655, 0.461
738, 666, 0.747
738, 683, 0.592
738, 687, 0.684
738, 693, 0.566
738, 699, 0.399
738, 727, 0.397
738, 738, 0.512
738, 774, 0.586
738, 799, 0.307
774, 28, 0.652
774, 42, 0.446
774, 45, 0.563
774, 80, 0.5
774, 85, 0.769
774, 106, 0.799
774, 112, 0.373
774, 123, 0.748
774, 134, 0.458
774, 139, 0.286
774, 157, 0.61
774, 178, 0.646
774, 199, 0.525
774, 208, 0.317
774, 213, 0.571
774, 215, 0.64
774, 221, 0.581
774, 229, 0.57
774, 237, 0.714
774, 254, 0.58
774, 297, 0.546
774, 344, 0.621
774, 424, 0.382
774, 429, 0.4
774, 442, 0.335
774, 454, 0.549
774, 478, 0.395
774, 479, 0.304
774, 479, 0.286
774, 480, 0.469
774, 500, 0.49
774, 503, 0.417
774, 531, 0.43
774, 537, 0.465
774, 547, 0.405
774, 560, 0.399
774, 561, 0.483
774, 569, 0.42
774, 573, 0.656
774, 584, 0.508
774, 593, 0.207
774, 615, 0.424
774, 617, 0.575
774, 621, 0.394
774, 628, 0.594
774, 640, 0.643
774, 655, 0.546
774, 666, 0.732
774, 683, 0.392
774, 687, 0.518
774, 693, 0.335
774, 699, 0.269
774, 727, 0.462
774, 738, 0.435
774, 774, 0.493
774, 799, 0.221
799, 28, 0.749
799, 42, 0.722
799, 45, 0.822
799, 80, 0.809
799, 85, 0.734
799, 106, 0.709
799, 112, 0.551
799, 123, 0.764
799, 134, 0.779
799, 139, 0.676
799, 157, 0.751
799, 178, 0.855
799, 199, 0.807
799, 208, 0.606
799, 213, 0.897
799, 215, 0.891
799, 221, 0.753
799, 229, 0.875
799, 237, 0.789
799, 254, 0.866
799, 297, 0.578
799, 344, 0.904
799, 424, 0.628
799, 429, 0.853
799, 442, 0.81
799, 454, 0.59
799, 478, 0.727
799, 479, 0.829
799, 479, 0.834
799, 480, 0.845
799, 500, 0.581
799, 503, 0.659
799, 531, 0.71
799, 537, 0.642
799, 547, 0.661
799, 560, 0.577
799, 561, 0.814
799, 569, 0.635
799, 573, 0.832
799, 584, 0.608
799, 593, 0.68
799, 615, 0.645
799, 617, 0.687
799, 621, 0.775
799, 628, 0.476
799, 640, 0.686
799, 655, 0.879
799, 666, 0.797
799, 683, 0.633
799, 687, 0.879
799, 693, 0.709
799, 699, 0.625
799, 727, 0.564
799, 738, 0.737
799, 774, 0.792
799, 799, 0.508
