9, 9, 0.519
9, 15, 0.768
9, 18, 0.63
9, 34, 0.68
9, 59, 0.613
9, 73, 0.551
9, 82, 0.582
9, 89, 0.565
9, 121, 0.633
9, 142, 0.697
9, 169, 0.56
9, 184, 0.548
9, 205, 0.585
9, 212, 0.448
9, 214, 0.43
9, 226, 0.651
9, 242, 0.795
9, 243, 0.418
9, 244, 0.551
9, 245, 0.488
9, 251, 0.441
9, 254, 0.451
9, 260, 0.512
9, 306, 0.575
9, 310, 0.627
9, 319, 0.686
9, 334, 0.638
9, 342, 0.62
9, 376, 0.462
9, 380, 0.535
9, 392, 0.628
9, 395, 0.405
9, 450, 0.559
9, 468, 0.45
9, 472, 0.628
9, 473, 0.678
9, 479, 0.474
9, 482, 0.588
9, 497, 0.408
9, 553, 0.604
9, 555, 0.65
9, 591, 0.413
9, 594, 0.742
9, 609, 0.509
9, 612, 0.468
9, 620, 0.582
9, 630, 0.618
9, 635, 0.393
9, 638, 0.4
9, 639, 0.494
9, 700, 0.621
9, 707, 0.667
9, 721, 0.407
9, 730, 0.494
9, 793, 0.617
15, 9, 0.252
15, 15, 0.529
15, 18, 0.237
15, 34, 0.183
15, 59, 0.154
15, 73, 0.364
15, 82, 0.347
15, 89, 0.358
15, 121, 0.559
15, 142, 0.182
15, 169, 0.23
15, 184, 0.351
15, 205, 0.284
15, 212, 0.159
15, 214, 0.208
15, 226, 0.321
15, 242, 0.608
15, 243, 0.226
15, 244, 0.131
15, 245, 0.257
15, 251, 0.537
15, 254, 0.504
15, 260, 0.298
15, 306, 0.149
15, 310, 0.436
15, 319, 0.434
15, 334, 0.251
15, 342, 0.401
15, 376, 0.232
15, 380, 0.427
15, 392, 0.196
15, 395, 0.137
15, 450, 0.24
15, 468, 0.208
15, 472, 0.181
15, 473, 0.224
15, 479, 0.435
15, 482, 0.405
15, 497, 0.569
15, 553, 0.27
15, 555, 0.226
15, 591, 0.457
15, 594, 0.568
15, 609, 0.243
15, 612, 0.236
15, 620, 0.344
15, 630, 0.22
15, 635, 0.173
15, 638, 0.139
15, 639, 0.182
15, 700, 0.498
15, 707, 0.286
15, 721, 0.209
15, 730, 0.371
15, 793, 0.291
18, 9, 0.381
18, 15, 0.801
18, 18, 0.514
18, 34, 0.474
18, 59, 0.385
18, 73, 0.463
18, 82, 0.335
18, 89, 0.459
18, 121, 0.54
18, 142, 0.3
18, 169, 0.51
18, 184, 0.467
18, 205, 0.536
18, 212, 0.332
18, 214, 0.554
18, 226, 0.544
18, 242, 0.618
18, 243, 0.308
18, 244, 0.314
18, 245, 0.357
18, 251, 0.626
18, 254, 0.64
18, 260, 0.354
18, 306, 0.116
18, 310, 0.472
18, 319, 0.546
18, 334, 0.549
18, 342, 0.467
18, 376, 0.277
18, 380, 0.461
18, 392, 0.463
18, 395, 0.167
18, 450, 0.403
18, 468, 0.419
18, 472, 0.48
18, 473, 0.414
18, 479, 0.293
18, 482, 0.446
18, 497, 0.638
18, 553, 0.434
18, 555, 0.444
18, 591, 0.641
18, 594, 0.6
18, 609, 0.236
18, 612, 0.442
18, 620, 0.532
18, 630, 0.458
18, 635, 0.263
18, 638, 0.263
18, 639, 0.228
18, 700, 0.584
18, 707, 0.445
18, 721, 0.274
18, 730, 0.36
18, 793, 0.304
34, 9, 0.36
34, 15, 0.827
34, 18, 0.584
34, 34, 0.53
34, 59, 0.449
34, 73, 0.517
34, 82, 0.775
34, 89, 0.692
34, 121, 0.514
34, 142, 0.501
34, 169, 0.522
34, 184, 0.422
34, 205, 0.59
34, 212, 0.444
34, 214, 0.496
34, 226, 0.496
34, 242, 0.796
34, 243, 0.615
34, 244, 0.332
34, 245, 0.291
34, 251, 0.468
34, 254, 0.6
34, 260, 0.31
34, 306, 0.401
34, 310, 0.825
34, 319, 0.552
34, 334, 0.549
34, 342, 0.532
34, 376, 0.409
34, 380, 0.496
34, 392, 0.548
34, 395, 0.304
34, 450, 0.355
34, 468, 0.463
34, 472, 0.5
34, 473, 0.418
34, 479, 0.652
34, 482, 0.559
34, 497, 0.568
34, 553, 0.426
34, 555, 0.575
34, 591, 0.528
34, 594, 0.567
34, 609, 0.372
34, 612, 0.458
34, 620, 0.649
34, 630, 0.528
34, 635, 0.394
34, 638, 0.483
34, 639, 0.416
34, 700, 0.644
34, 707, 0.594
34, 721, 0.346
34, 730, 0.356
34, 793, 0.68
59, 9, 0.396
59, 15, 0.861
59, 18, 0.656
59, 34, 0.529
59, 59, 0.514
59, 73, 0.52
59, 82, 0.706
59, 89, 0.627
59, 121, 0.612
59, 142, 0.475
59, 169, 0.589
59, 184, 0.478
59, 205, 0.681
59, 212, 0.603
59, 214, 0.559
59, 226, 0.586
59, 242, 0.819
59, 243, 0.599
59, 244, 0.34
59, 245, 0.469
59, 251, 0.73
59, 254, 0.744
59, 260, 0.363
59, 306, 0.409
59, 310, 0.755
59, 319, 0.63
59, 334, 0.582
59, 342, 0.519
59, 376, 0.544
59, 380, 0.622
59, 392, 0.423
59, 395, 0.404
59, 450, 0.43
59, 468, 0.487
59, 472, 0.43
59, 473, 0.565
59, 479, 0.607
59, 482, 0.666
59, 497, 0.775
59, 553, 0.46
59, 555, 0.482
59, 591, 0.688
59, 594, 0.695
59, 609, 0.39
59, 612, 0.413
59, 620, 0.589
59, 630, 0.503
59, 635, 0.316
59, 638, 0.463
59, 639, 0.288
59, 700, 0.728
59, 707, 0.744
59, 721, 0.28
59, 730, 0.489
59, 793, 0.511
73, 9, 0.477
73, 15, 0.619
73, 18, 0.562
73, 34, 0.503
73, 59, 0.441
73, 73, 0.523
73, 82, 0.457
73, 89, 0.5
73, 121, 0.637
73, 142, 0.525
73, 169, 0.505
73, 184, 0.586
73, 205, 0.462
73, 212, 0.316
73, 214, 0.378
73, 226, 0.585
73, 242, 0.655
73, 243, 0.321
73, 244, 0.401
73, 245, 0.479
73, 251, 0.503
73, 254, 0.492
73, 260, 0.432
73, 306, 0.346
73, 310, 0.568
73, 319, 0.536
73, 334, 0.557
73, 342, 0.523
73, 376, 0.34
73, 380, 0.431
73, 392, 0.543
73, 395, 0.193
73, 450, 0.448
73, 468, 0.568
73, 472, 0.599
73, 473, 0.481
73, 479, 0.478
73, 482, 0.547
73, 497, 0.529
73, 553, 0.454
73, 555, 0.521
73, 591, 0.429
73, 594, 0.706
73, 609, 0.489
73, 612, 0.396
73, 620, 0.556
73, 630, 0.544
73, 635, 0.323
73, 638, 0.287
73, 639, 0.314
73, 700, 0.623
73, 707, 0.54
73, 721, 0.351
73, 730, 0.587
73, 793, 0.485
82, 9, 0.43
82, 15, 0.644
82, 18, 0.702
82, 34, 0.224
82, 59, 0.267
82, 73, 0.591
82, 82, 0.491
82, 89, 0.485
82, 121, 0.633
82, 142, 0.552
82, 169, 0.709
82, 184, 0.521
82, 205, 0.58
82, 212, 0.408
82, 214, 0.374
82, 226, 0.638
82, 242, 0.56
82, 243, 0.317
82, 244, 0.224
82, 245, 0.427
82, 251, 0.433
82, 254, 0.416
82, 260, 0.138
82, 306, 0.374
82, 310, 0.48
82, 319, 0.617
82, 334, 0.504
82, 342, 0.586
82, 376, 0.375
82, 380, 0.427
82, 392, 0.277
82, 395, 0.372
82, 450, 0.223
82, 468, 0.527
82, 472, 0.29
82, 473, 0.293
82, 479, 0.299
82, 482, 0.534
82, 497, 0.476
82, 553, 0.183
82, 555, 0.304
82, 591, 0.458
82, 594, 0.667
82, 609, 0.269
82, 612, 0.314
82, 620, 0.462
82, 630, 0.59
82, 635, 0.235
82, 638, 0.398
82, 639, 0.292
82, 700, 0.578
82, 707, 0.64
82, 721, 0.305
82, 730, 0.482
82, 793, 0.612
89, 9, 0.481
89, 15, 0.753
89, 18, 0.603
89, 34, 0.368
89, 59, 0.451
89, 73, 0.561
89, 82, 0.501
89, 89, 0.523
89, 121, 0.661
89, 142, 0.468
89, 169, 0.522
89, 184, 0.57
89, 205, 0.491
89, 212, 0.403
89, 214, 0.454
89, 226, 0.612
89, 242, 0.749
89, 243, 0.461
89, 244, 0.328
89, 245, 0.462
89, 251, 0.579
89, 254, 0.635
89, 260, 0.325
89, 306, 0.348
89, 310, 0.652
89, 319, 0.653
89, 334, 0.5
89, 342, 0.573
89, 376, 0.35
89, 380, 0.453
89, 392, 0.491
89, 395, 0.304
89, 450, 0.296
89, 468, 0.507
89, 472, 0.381
89, 473, 0.404
89, 479, 0.475
89, 482, 0.545
89, 497, 0.668
89, 553, 0.378
89, 555, 0.499
89, 591, 0.583
89, 594, 0.674
89, 609, 0.309
89, 612, 0.418
89, 620, 0.612
89, 630, 0.517
89, 635, 0.353
89, 638, 0.37
89, 639, 0.314
89, 700, 0.647
89, 707, 0.53
89, 721, 0.347
89, 730, 0.489
89, 793, 0.507
121, 9, 0.367
121, 15, 0.409
121, 18, 0.491
121, 34, 0.461
121, 59, 0.336
121, 73, 0.349
121, 82, 0.376
121, 89, 0.401
121, 121, 0.52
121, 142, 0.49
121, 169, 0.371
121, 184, 0.464
121, 205, 0.417
121, 212, 0.233
121, 214, 0.32
121, 226, 0.48
121, 242, 0.504
121, 243, 0.233
121, 244, 0.391
121, 245, 0.342
121, 251, 0.295
121, 254, 0.337
121, 260, 0.421
121, 306, 0.394
121, 310, 0.464
121, 319, 0.472
121, 334, 0.439
121, 342, 0.323
121, 376, 0.304
121, 380, 0.367
121, 392, 0.447
121, 395, 0.193
121, 450, 0.456
121, 468, 0.347
121, 472, 0.413
121, 473, 0.473
121, 479, 0.343
121, 482, 0.415
121, 497, 0.342
121, 553, 0.398
121, 555, 0.493
121, 591, 0.286
121, 594, 0.647
121, 609, 0.341
121, 612, 0.326
121, 620, 0.517
121, 630, 0.333
121, 635, 0.2
121, 638, 0.318
121, 639, 0.386
121, 700, 0.473
121, 707, 0.469
121, 721, 0.295
121, 730, 0.404
121, 793, 0.362
142, 9, 0.299
142, 15, 0.852
142, 18, 0.731
142, 34, 0.491
142, 59, 0.611
142, 73, 0.476
142, 82, 0.457
142, 89, 0.531
142, 121, 0.556
142, 142, 0.496
142, 169, 0.65
142, 184, 0.378
142, 205, 0.594
142, 212, 0.493
142, 214, 0.516
142, 226, 0.526
142, 242, 0.727
142, 243, 0.406
142, 244, 0.5
142, 245, 0.386
142, 251, 0.615
142, 254, 0.624
142, 260, 0.302
142, 306, 0.238
142, 310, 0.594
142, 319, 0.535
142, 334, 0.637
142, 342, 0.38
142, 376, 0.39
142, 380, 0.521
142, 392, 0.512
142, 395, 0.229
142, 450, 0.397
142, 468, 0.503
142, 472, 0.483
142, 473, 0.497
142, 479, 0.487
142, 482, 0.608
142, 497, 0.553
142, 553, 0.39
142, 555, 0.58
142, 591, 0.61
142, 594, 0.47
142, 609, 0.507
142, 612, 0.444
142, 620, 0.544
142, 630, 0.569
142, 635, 0.328
142, 638, 0.321
142, 639, 0.379
142, 700, 0.67
142, 707, 0.583
142, 721, 0.328
142, 730, 0.296
142, 793, 0.562
169, 9, 0.466
169, 15, 0.813
169, 18, 0.532
169, 34, 0.452
169, 59, 0.506
169, 73, 0.481
169, 82, 0.31
169, 89, 0.511
169, 121, 0.681
169, 142, 0.388
169, 169, 0.532
169, 184, 0.564
169, 205, 0.542
169, 212, 0.357
169, 214, 0.63
169, 226, 0.566
169, 242, 0.645
169, 243, 0.358
169, 244, 0.329
169, 245, 0.412
169, 251, 0.686
169, 254, 0.875
169, 260, 0.659
169, 306, 0.291
169, 310, 0.648
169, 319, 0.666
169, 334, 0.719
169, 342, 0.607
169, 376, 0.51
169, 380, 0.616
169, 392, 0.693
169, 395, 0.296
169, 450, 0.664
169, 468, 0.637
169, 472, 0.617
169, 473, 0.616
169, 479, 0.435
169, 482, 0.674
169, 497, 0.875
169, 553, 0.54
169, 555, 0.659
169, 591, 0.829
169, 594, 0.702
169, 609, 0.454
169, 612, 0.633
169, 620, 0.86
169, 630, 0.536
169, 635, 0.459
169, 638, 0.644
169, 639, 0.712
169, 700, 0.86
169, 707, 0.663
169, 721, 0.547
169, 730, 0.587
169, 793, 0.52
184, 9, 0.471
184, 15, 0.619
184, 18, 0.543
184, 34, 0.571
184, 59, 0.48
184, 73, 0.46
184, 82, 0.512
184, 89, 0.452
184, 121, 0.508
184, 142, 0.64
184, 169, 0.299
184, 184, 0.491
184, 205, 0.515
184, 212, 0.397
184, 214, 0.437
184, 226, 0.523
184, 242, 0.72
184, 243, 0.388
184, 244, 0.435
184, 245, 0.43
184, 251, 0.392
184, 254, 0.438
184, 260, 0.468
184, 306, 0.527
184, 310, 0.576
184, 319, 0.661
184, 334, 0.605
184, 342, 0.585
184, 376, 0.357
184, 380, 0.5
184, 392, 0.595
184, 395, 0.368
184, 450, 0.466
184, 468, 0.436
184, 472, 0.543
184, 473, 0.565
184, 479, 0.363
184, 482, 0.496
184, 497, 0.379
184, 553, 0.669
184, 555, 0.622
184, 591, 0.316
184, 594, 0.679
184, 609, 0.432
184, 612, 0.507
184, 620, 0.616
184, 630, 0.544
184, 635, 0.437
184, 638, 0.39
184, 639, 0.47
184, 700, 0.536
184, 707, 0.594
184, 721, 0.295
184, 730, 0.437
184, 793, 0.484
205, 9, 0.444
205, 15, 0.763
205, 18, 0.493
205, 34, 0.459
205, 59, 0.334
205, 73, 0.589
205, 82, 0.417
205, 89, 0.527
205, 121, 0.538
205, 142, 0.443
205, 169, 0.315
205, 184, 0.504
205, 205, 0.539
205, 212, 0.378
205, 214, 0.44
205, 226, 0.489
205, 242, 0.684
205, 243, 0.452
205, 244, 0.244
205, 245, 0.418
205, 251, 0.557
205, 254, 0.656
205, 260, 0.344
205, 306, 0.287
205, 310, 0.532
205, 319, 0.645
205, 334, 0.49
205, 342, 0.519
205, 376, 0.354
205, 380, 0.559
205, 392, 0.345
205, 395, 0.245
205, 450, 0.362
205, 468, 0.372
205, 472, 0.418
205, 473, 0.532
205, 479, 0.334
205, 482, 0.49
205, 497, 0.636
205, 553, 0.414
205, 555, 0.428
205, 591, 0.651
205, 594, 0.602
205, 609, 0.252
205, 612, 0.465
205, 620, 0.543
205, 630, 0.42
205, 635, 0.28
205, 638, 0.301
205, 639, 0.406
205, 700, 0.659
205, 707, 0.584
205, 721, 0.299
205, 730, 0.403
205, 793, 0.6
212, 9, 0.562
212, 15, 0.879
212, 18, 0.671
212, 34, 0.548
212, 59, 0.455
212, 73, 0.716
212, 82, 0.594
212, 89, 0.646
212, 121, 0.779
212, 142, 0.543
212, 169, 0.442
212, 184, 0.588
212, 205, 0.644
212, 212, 0.52
212, 214, 0.544
212, 226, 0.694
212, 242, 0.842
212, 243, 0.57
212, 244, 0.3
212, 245, 0.542
212, 251, 0.83
212, 254, 0.825
212, 260, 0.459
212, 306, 0.31
212, 310, 0.652
212, 319, 0.725
212, 334, 0.641
212, 342, 0.629
212, 376, 0.504
212, 380, 0.753
212, 392, 0.386
212, 395, 0.344
212, 450, 0.497
212, 468, 0.495
212, 472, 0.55
212, 473, 0.655
212, 479, 0.425
212, 482, 0.694
212, 497, 0.836
212, 553, 0.539
212, 555, 0.422
212, 591, 0.827
212, 594, 0.709
212, 609, 0.271
212, 612, 0.563
212, 620, 0.627
212, 630, 0.545
212, 635, 0.461
212, 638, 0.4
212, 639, 0.478
212, 700, 0.81
212, 707, 0.719
212, 721, 0.304
212, 730, 0.565
212, 793, 0.75
214, 9, 0.582
214, 15, 0.786
214, 18, 0.437
214, 34, 0.502
214, 59, 0.421
214, 73, 0.614
214, 82, 0.662
214, 89, 0.577
214, 121, 0.676
214, 142, 0.47
214, 169, 0.261
214, 184, 0.566
214, 205, 0.561
214, 212, 0.434
214, 214, 0.493
214, 226, 0.598
214, 242, 0.869
214, 243, 0.59
214, 244, 0.333
214, 245, 0.489
214, 251, 0.592
214, 254, 0.705
214, 260, 0.556
214, 306, 0.4
214, 310, 0.705
214, 319, 0.739
214, 334, 0.482
214, 342, 0.652
214, 376, 0.437
214, 380, 0.575
214, 392, 0.441
214, 395, 0.442
214, 450, 0.436
214, 468, 0.373
214, 472, 0.45
214, 473, 0.589
214, 479, 0.468
214, 482, 0.531
214, 497, 0.684
214, 553, 0.616
214, 555, 0.546
214, 591, 0.67
214, 594, 0.7
214, 609, 0.312
214, 612, 0.511
214, 620, 0.591
214, 630, 0.46
214, 635, 0.483
214, 638, 0.353
214, 639, 0.412
214, 700, 0.619
214, 707, 0.528
214, 721, 0.39
214, 730, 0.446
214, 793, 0.588
226, 9, 0.367
226, 15, 0.663
226, 18, 0.49
226, 34, 0.515
226, 59, 0.41
226, 73, 0.417
226, 82, 0.376
226, 89, 0.437
226, 121, 0.518
226, 142, 0.491
226, 169, 0.348
226, 184, 0.486
226, 205, 0.521
226, 212, 0.321
226, 214, 0.43
226, 226, 0.518
226, 242, 0.615
226, 243, 0.286
226, 244, 0.446
226, 245, 0.409
226, 251, 0.446
226, 254, 0.441
226, 260, 0.462
226, 306, 0.385
226, 310, 0.408
226, 319, 0.478
226, 334, 0.493
226, 342, 0.41
226, 376, 0.32
226, 380, 0.424
226, 392, 0.568
226, 395, 0.204
226, 450, 0.484
226, 468, 0.413
226, 472, 0.532
226, 473, 0.474
226, 479, 0.342
226, 482, 0.45
226, 497, 0.43
226, 553, 0.472
226, 555, 0.535
226, 591, 0.451
226, 594, 0.629
226, 609, 0.502
226, 612, 0.348
226, 620, 0.515
226, 630, 0.417
226, 635, 0.257
226, 638, 0.307
226, 639, 0.374
226, 700, 0.574
226, 707, 0.498
226, 721, 0.369
226, 730, 0.443
226, 793, 0.422
242, 9, 0.255
242, 15, 0.404
242, 18, 0.415
242, 34, 0.236
242, 59, 0.189
242, 73, 0.407
242, 82, 0.506
242, 89, 0.334
242, 121, 0.496
242, 142, 0.3
242, 169, 0.248
242, 184, 0.265
242, 205, 0.405
242, 212, 0.201
242, 214, 0.162
242, 226, 0.413
242, 242, 0.474
242, 243, 0.258
242, 244, 0.184
242, 245, 0.321
242, 251, 0.423
242, 254, 0.248
242, 260, 0.165
242, 306, 0.242
242, 310, 0.457
242, 319, 0.375
242, 334, 0.424
242, 342, 0.263
242, 376, 0.215
242, 380, 0.386
242, 392, 0.217
242, 395, 0.178
242, 450, 0.16
242, 468, 0.343
242, 472, 0.224
242, 473, 0.233
242, 479, 0.366
242, 482, 0.411
242, 497, 0.374
242, 553, 0.174
242, 555, 0.203
242, 591, 0.362
242, 594, 0.472
242, 609, 0.241
242, 612, 0.171
242, 620, 0.228
242, 630, 0.3
242, 635, 0.183
242, 638, 0.167
242, 639, 0.13
242, 700, 0.279
242, 707, 0.39
242, 721, 0.233
242, 730, 0.361
242, 793, 0.379
243, 9, 0.597
243, 15, 0.681
243, 18, 0.726
243, 34, 0.388
243, 59, 0.411
243, 73, 0.682
243, 82, 0.72
243, 89, 0.57
243, 121, 0.72
243, 142, 0.529
243, 169, 0.532
243, 184, 0.655
243, 205, 0.593
243, 212, 0.445
243, 214, 0.372
243, 226, 0.737
243, 242, 0.747
243, 243, 0.503
243, 244, 0.419
243, 245, 0.586
243, 251, 0.488
243, 254, 0.476
243, 260, 0.146
243, 306, 0.433
243, 310, 0.755
243, 319, 0.744
243, 334, 0.596
243, 342, 0.61
243, 376, 0.379
243, 380, 0.551
243, 392, 0.507
243, 395, 0.495
243, 450, 0.247
243, 468, 0.628
243, 472, 0.294
243, 473, 0.331
243, 479, 0.543
243, 482, 0.665
243, 497, 0.477
243, 553, 0.275
243, 555, 0.546
243, 591, 0.455
243, 594, 0.766
243, 609, 0.326
243, 612, 0.381
243, 620, 0.579
243, 630, 0.651
243, 635, 0.289
243, 638, 0.446
243, 639, 0.33
243, 700, 0.442
243, 707, 0.555
243, 721, 0.437
243, 730, 0.49
243, 793, 0.571
244, 9, 0.451
244, 15, 0.898
244, 18, 0.709
244, 34, 0.657
244, 59, 0.647
244, 73, 0.582
244, 82, 0.781
244, 89, 0.709
244, 121, 0.654
244, 142, 0.598
244, 169, 0.478
244, 184, 0.555
244, 205, 0.758
244, 212, 0.714
244, 214, 0.678
244, 226, 0.545
244, 242, 0.829
244, 243, 0.632
244, 244, 0.469
244, 245, 0.482
244, 251, 0.794
244, 254, 0.774
244, 260, 0.253
244, 306, 0.519
244, 310, 0.82
244, 319, 0.658
244, 334, 0.722
244, 342, 0.523
244, 376, 0.631
244, 380, 0.612
244, 392, 0.594
244, 395, 0.436
244, 450, 0.492
244, 468, 0.643
244, 472, 0.615
244, 473, 0.705
244, 479, 0.651
244, 482, 0.73
244, 497, 0.791
244, 553, 0.535
244, 555, 0.599
244, 591, 0.778
244, 594, 0.665
244, 609, 0.497
244, 612, 0.463
244, 620, 0.683
244, 630, 0.647
244, 635, 0.387
244, 638, 0.589
244, 639, 0.317
244, 700, 0.576
244, 707, 0.825
244, 721, 0.349
244, 730, 0.516
244, 793, 0.588
245, 9, 0.569
245, 15, 0.743
245, 18, 0.647
245, 34, 0.717
245, 59, 0.564
245, 73, 0.567
245, 82, 0.567
245, 89, 0.569
245, 121, 0.657
245, 142, 0.676
245, 169, 0.514
245, 184, 0.601
245, 205, 0.608
245, 212, 0.46
245, 214, 0.534
245, 226, 0.611
245, 242, 0.731
245, 243, 0.425
245, 244, 0.531
245, 245, 0.512
245, 251, 0.649
245, 254, 0.667
245, 260, 0.67
245, 306, 0.669
245, 310, 0.765
245, 319, 0.733
245, 334, 0.756
245, 342, 0.743
245, 376, 0.648
245, 380, 0.624
245, 392, 0.781
245, 395, 0.532
245, 450, 0.75
245, 468, 0.717
245, 472, 0.757
245, 473, 0.806
245, 479, 0.534
245, 482, 0.717
245, 497, 0.621
245, 553, 0.644
245, 555, 0.817
245, 591, 0.597
245, 594, 0.812
245, 609, 0.514
245, 612, 0.662
245, 620, 0.874
245, 630, 0.63
245, 635, 0.573
245, 638, 0.733
245, 639, 0.768
245, 700, 0.679
245, 707, 0.754
245, 721, 0.692
245, 730, 0.667
245, 793, 0.658
251, 9, 0.587
251, 15, 0.41
251, 18, 0.351
251, 34, 0.482
251, 59, 0.292
251, 73, 0.461
251, 82, 0.488
251, 89, 0.426
251, 121, 0.658
251, 142, 0.3
251, 169, 0.181
251, 184, 0.619
251, 205, 0.487
251, 212, 0.215
251, 214, 0.401
251, 226, 0.514
251, 242, 0.596
251, 243, 0.46
251, 244, 0.239
251, 245, 0.354
251, 251, 0.505
251, 254, 0.59
251, 260, 0.436
251, 306, 0.363
251, 310, 0.616
251, 319, 0.537
251, 334, 0.368
251, 342, 0.51
251, 376, 0.296
251, 380, 0.496
251, 392, 0.362
251, 395, 0.331
251, 450, 0.517
251, 468, 0.34
251, 472, 0.353
251, 473, 0.442
251, 479, 0.471
251, 482, 0.531
251, 497, 0.597
251, 553, 0.407
251, 555, 0.418
251, 591, 0.415
251, 594, 0.676
251, 609, 0.207
251, 612, 0.378
251, 620, 0.566
251, 630, 0.246
251, 635, 0.204
251, 638, 0.34
251, 639, 0.379
251, 700, 0.343
251, 707, 0.414
251, 721, 0.375
251, 730, 0.53
251, 793, 0.389
254, 9, 0.521
254, 15, 0.483
254, 18, 0.366
254, 34, 0.41
254, 59, 0.245
254, 73, 0.547
254, 82, 0.409
254, 89, 0.352
254, 121, 0.695
254, 142, 0.35
254, 169, 0.133
254, 184, 0.524
254, 205, 0.282
254, 212, 0.169
254, 214, 0.283
254, 226, 0.509
254, 242, 0.703
254, 243, 0.333
254, 244, 0.24
254, 245, 0.338
254, 251, 0.457
254, 254, 0.53
254, 260, 0.378
254, 306, 0.351
254, 310, 0.697
254, 319, 0.704
254, 334, 0.37
254, 342, 0.529
254, 376, 0.232
254, 380, 0.519
254, 392, 0.313
254, 395, 0.371
254, 450, 0.411
254, 468, 0.248
254, 472, 0.327
254, 473, 0.429
254, 479, 0.484
254, 482, 0.523
254, 497, 0.484
254, 553, 0.307
254, 555, 0.384
254, 591, 0.19
254, 594, 0.728
254, 609, 0.195
254, 612, 0.341
254, 620, 0.471
254, 630, 0.315
254, 635, 0.289
254, 638, 0.239
254, 639, 0.192
254, 700, 0.313
254, 707, 0.398
254, 721, 0.301
254, 730, 0.481
254, 793, 0.484
260, 9, 0.677
260, 15, 0.782
260, 18, 0.808
260, 34, 0.847
260, 59, 0.782
260, 73, 0.664
260, 82, 0.805
260, 89, 0.781
260, 121, 0.716
260, 142, 0.729
260, 169, 0.429
260, 184, 0.706
260, 205, 0.701
260, 212, 0.745
260, 214, 0.72
260, 226, 0.639
260, 242, 0.865
260, 243, 0.672
260, 244, 0.761
260, 245, 0.379
260, 251, 0.57
260, 254, 0.597
260, 260, 0.488
260, 306, 0.774
260, 310, 0.965
260, 319, 0.774
260, 334, 0.714
260, 342, 0.709
260, 376, 0.663
260, 380, 0.655
260, 392, 0.855
260, 395, 0.596
260, 450, 0.777
260, 468, 0.701
260, 472, 0.73
260, 473, 0.758
260, 479, 0.663
260, 482, 0.739
260, 497, 0.488
260, 553, 0.483
260, 555, 0.883
260, 591, 0.376
260, 594, 0.751
260, 609, 0.433
260, 612, 0.742
260, 620, 0.911
260, 630, 0.6
260, 635, 0.671
260, 638, 0.866
260, 639, 0.684
260, 700, 0.664
260, 707, 0.798
260, 721, 0.732
260, 730, 0.522
260, 793, 0.816
306, 9, 0.415
306, 15, 0.896
306, 18, 0.892
306, 34, 0.573
306, 59, 0.604
306, 73, 0.659
306, 82, 0.562
306, 89, 0.657
306, 121, 0.605
306, 142, 0.801
306, 169, 0.755
306, 184, 0.482
306, 205, 0.626
306, 212, 0.707
306, 214, 0.593
306, 226, 0.614
306, 242, 0.807
306, 243, 0.437
306, 244, 0.502
306, 245, 0.339
306, 251, 0.686
306, 254, 0.618
306, 260, 0.195
306, 306, 0.511
306, 310, 0.775
306, 319, 0.706
306, 334, 0.777
306, 342, 0.583
306, 376, 0.544
306, 380, 0.668
306, 392, 0.486
306, 395, 0.406
306, 450, 0.479
306, 468, 0.558
306, 472, 0.639
306, 473, 0.642
306, 479, 0.51
306, 482, 0.705
306, 497, 0.667
306, 553, 0.359
306, 555, 0.552
306, 591, 0.545
306, 594, 0.637
306, 609, 0.446
306, 612, 0.573
306, 620, 0.574
306, 630, 0.77
306, 635, 0.513
306, 638, 0.554
306, 639, 0.437
306, 700, 0.662
306, 707, 0.841
306, 721, 0.35
306, 730, 0.403
306, 793, 0.828
310, 9, 0.372
310, 15, 0.561
310, 18, 0.579
310, 34, 0.219
310, 59, 0.23
310, 73, 0.469
310, 82, 0.391
310, 89, 0.384
310, 121, 0.529
310, 142, 0.314
310, 169, 0.376
310, 184, 0.478
310, 205, 0.439
310, 212, 0.363
310, 214, 0.338
310, 226, 0.56
310, 242, 0.557
310, 243, 0.136
310, 244, 0.179
310, 245, 0.262
310, 251, 0.43
310, 254, 0.311
310, 260, 0.05
310, 306, 0.257
310, 310, 0.498
310, 319, 0.532
310, 334, 0.377
310, 342, 0.389
310, 376, 0.316
310, 380, 0.361
310, 392, 0.268
310, 395, 0.324
310, 450, 0.144
310, 468, 0.461
310, 472, 0.203
310, 473, 0.254
310, 479, 0.327
310, 482, 0.462
310, 497, 0.372
310, 553, 0.057
310, 555, 0.328
310, 591, 0.174
310, 594, 0.621
310, 609, 0.203
310, 612, 0.218
310, 620, 0.413
310, 630, 0.453
310, 635, 0.154
310, 638, 0.303
310, 639, 0.071
310, 700, 0.288
310, 707, 0.472
310, 721, 0.281
310, 730, 0.314
310, 793, 0.337
319, 9, 0.312
319, 15, 0.577
319, 18, 0.485
319, 34, 0.445
319, 59, 0.399
319, 73, 0.424
319, 82, 0.402
319, 89, 0.402
319, 121, 0.578
319, 142, 0.507
319, 169, 0.346
319, 184, 0.337
319, 205, 0.424
319, 212, 0.276
319, 214, 0.276
319, 226, 0.548
319, 242, 0.633
319, 243, 0.248
319, 244, 0.379
319, 245, 0.286
319, 251, 0.45
319, 254, 0.304
319, 260, 0.256
319, 306, 0.319
319, 310, 0.462
319, 319, 0.521
319, 334, 0.514
319, 342, 0.38
319, 376, 0.29
319, 380, 0.548
319, 392, 0.331
319, 395, 0.211
319, 450, 0.372
319, 468, 0.34
319, 472, 0.458
319, 473, 0.404
319, 479, 0.451
319, 482, 0.574
319, 497, 0.368
319, 553, 0.274
319, 555, 0.423
319, 591, 0.31
319, 594, 0.633
319, 609, 0.451
319, 612, 0.286
319, 620, 0.329
319, 630, 0.431
319, 635, 0.201
319, 638, 0.224
319, 639, 0.19
319, 700, 0.342
319, 707, 0.442
319, 721, 0.237
319, 730, 0.37
319, 793, 0.5
334, 9, 0.414
334, 15, 0.71
334, 18, 0.386
334, 34, 0.451
334, 59, 0.384
334, 73, 0.436
334, 82, 0.433
334, 89, 0.473
334, 121, 0.583
334, 142, 0.398
334, 169, 0.231
334, 184, 0.474
334, 205, 0.468
334, 212, 0.314
334, 214, 0.53
334, 226, 0.534
334, 242, 0.618
334, 243, 0.315
334, 244, 0.274
334, 245, 0.255
334, 251, 0.662
334, 254, 0.613
334, 260, 0.303
334, 306, 0.234
334, 310, 0.618
334, 319, 0.506
334, 334, 0.532
334, 342, 0.539
334, 376, 0.341
334, 380, 0.492
334, 392, 0.443
334, 395, 0.264
334, 450, 0.436
334, 468, 0.346
334, 472, 0.414
334, 473, 0.401
334, 479, 0.518
334, 482, 0.514
334, 497, 0.679
334, 553, 0.271
334, 555, 0.407
334, 591, 0.468
334, 594, 0.623
334, 609, 0.443
334, 612, 0.417
334, 620, 0.58
334, 630, 0.439
334, 635, 0.317
334, 638, 0.33
334, 639, 0.338
334, 700, 0.298
334, 707, 0.469
334, 721, 0.296
334, 730, 0.444
334, 793, 0.37
342, 9, 0.473
342, 15, 0.534
342, 18, 0.449
342, 34, 0.519
342, 59, 0.451
342, 73, 0.49
342, 82, 0.45
342, 89, 0.464
342, 121, 0.69
342, 142, 0.573
342, 169, 0.334
342, 184, 0.486
342, 205, 0.474
342, 212, 0.332
342, 214, 0.36
342, 226, 0.621
342, 242, 0.748
342, 243, 0.325
342, 244, 0.446
342, 245, 0.282
342, 251, 0.631
342, 254, 0.732
342, 260, 0.598
342, 306, 0.62
342, 310, 0.769
342, 319, 0.811
342, 334, 0.619
342, 342, 0.51
342, 376, 0.672
342, 380, 0.723
342, 392, 0.689
342, 395, 0.559
342, 450, 0.793
342, 468, 0.57
342, 472, 0.677
342, 473, 0.748
342, 479, 0.523
342, 482, 0.77
342, 497, 0.67
342, 553, 0.545
342, 555, 0.823
342, 591, 0.474
342, 594, 0.858
342, 609, 0.461
342, 612, 0.699
342, 620, 0.855
342, 630, 0.571
342, 635, 0.527
342, 638, 0.71
342, 639, 0.611
342, 700, 0.626
342, 707, 0.732
342, 721, 0.569
342, 730, 0.627
342, 793, 0.643
376, 9, 0.675
376, 15, 0.802
376, 18, 0.697
376, 34, 0.658
376, 59, 0.489
376, 73, 0.785
376, 82, 0.471
376, 89, 0.675
376, 121, 0.814
376, 142, 0.63
376, 169, 0.4
376, 184, 0.763
376, 205, 0.495
376, 212, 0.462
376, 214, 0.585
376, 226, 0.783
376, 242, 0.827
376, 243, 0.433
376, 244, 0.368
376, 245, 0.382
376, 251, 0.746
376, 254, 0.882
376, 260, 0.515
376, 306, 0.609
376, 310, 0.785
376, 319, 0.749
376, 334, 0.728
376, 342, 0.436
376, 376, 0.494
376, 380, 0.764
376, 392, 0.592
376, 395, 0.515
376, 450, 0.668
376, 468, 0.64
376, 472, 0.586
376, 473, 0.769
376, 479, 0.467
376, 482, 0.728
376, 497, 0.821
376, 553, 0.294
376, 555, 0.596
376, 591, 0.591
376, 594, 0.777
376, 609, 0.333
376, 612, 0.703
376, 620, 0.898
376, 630, 0.487
376, 635, 0.534
376, 638, 0.792
376, 639, 0.673
376, 700, 0.681
376, 707, 0.773
376, 721, 0.542
376, 730, 0.751
376, 793, 0.807
380, 9, 0.498
380, 15, 0.583
380, 18, 0.532
380, 34, 0.515
380, 59, 0.424
380, 73, 0.543
380, 82, 0.521
380, 89, 0.534
380, 121, 0.645
380, 142, 0.424
380, 169, 0.394
380, 184, 0.481
380, 205, 0.439
380, 212, 0.246
380, 214, 0.422
380, 226, 0.609
380, 242, 0.599
380, 243, 0.329
380, 244, 0.447
380, 245, 0.371
380, 251, 0.551
380, 254, 0.53
380, 260, 0.364
380, 306, 0.371
380, 310, 0.687
380, 319, 0.504
380, 334, 0.528
380, 342, 0.283
380, 376, 0.242
380, 380, 0.511
380, 392, 0.577
380, 395, 0.313
380, 450, 0.405
380, 468, 0.451
380, 472, 0.447
380, 473, 0.401
380, 479, 0.521
380, 482, 0.619
380, 497, 0.537
380, 553, 0.265
380, 555, 0.552
380, 591, 0.42
380, 594, 0.698
380, 609, 0.409
380, 612, 0.375
380, 620, 0.632
380, 630, 0.351
380, 635, 0.285
380, 638, 0.405
380, 639, 0.358
380, 700, 0.356
380, 707, 0.412
380, 721, 0.453
380, 730, 0.425
380, 793, 0.553
392, 9, 0.409
392, 15, 0.828
392, 18, 0.503
392, 34, 0.501
392, 59, 0.568
392, 73, 0.475
392, 82, 0.567
392, 89, 0.565
392, 121, 0.576
392, 142, 0.527
392, 169, 0.312
392, 184, 0.453
392, 205, 0.59
392, 212, 0.639
392, 214, 0.577
392, 226, 0.5
392, 242, 0.841
392, 243, 0.39
392, 244, 0.398
392, 245, 0.229
392, 251, 0.67
392, 254, 0.776
392, 260, 0.192
392, 306, 0.541
392, 310, 0.803
392, 319, 0.694
392, 334, 0.501
392, 342, 0.372
392, 376, 0.46
392, 380, 0.508
392, 392, 0.511
392, 395, 0.466
392, 450, 0.441
392, 468, 0.429
392, 472, 0.477
392, 473, 0.627
392, 479, 0.553
392, 482, 0.579
392, 497, 0.775
392, 553, 0.287
392, 555, 0.559
392, 591, 0.484
392, 594, 0.683
392, 609, 0.462
392, 612, 0.434
392, 620, 0.552
392, 630, 0.561
392, 635, 0.421
392, 638, 0.505
392, 639, 0.234
392, 700, 0.417
392, 707, 0.73
392, 721, 0.293
392, 730, 0.455
392, 793, 0.502
395, 9, 0.573
395, 15, 0.884
395, 18, 0.835
395, 34, 0.709
395, 59, 0.605
395, 73, 0.815
395, 82, 0.57
395, 89, 0.685
395, 121, 0.813
395, 142, 0.774
395, 169, 0.688
395, 184, 0.653
395, 205, 0.703
395, 212, 0.638
395, 214, 0.556
395, 226, 0.777
395, 242, 0.803
395, 243, 0.417
395, 244, 0.6
395, 245, 0.5
395, 251, 0.707
395, 254, 0.727
395, 260, 0.655
395, 306, 0.677
395, 310, 0.675
395, 319, 0.696
395, 334, 0.77
395, 342, 0.576
395, 376, 0.648
395, 380, 0.729
395, 392, 0.713
395, 395, 0.503
395, 450, 0.687
395, 468, 0.794
395, 472, 0.673
395, 473, 0.765
395, 479, 0.45
395, 482, 0.753
395, 497, 0.723
395, 553, 0.455
395, 555, 0.767
395, 591, 0.555
395, 594, 0.838
395, 609, 0.475
395, 612, 0.648
395, 620, 0.891
395, 630, 0.577
395, 635, 0.544
395, 638, 0.92
395, 639, 0.742
395, 700, 0.814
395, 707, 0.825
395, 721, 0.637
395, 730, 0.751
395, 793, 0.791
450, 9, 0.465
450, 15, 0.785
450, 18, 0.61
450, 34, 0.638
450, 59, 0.57
450, 73, 0.578
450, 82, 0.677
450, 89, 0.746
450, 121, 0.541
450, 142, 0.598
450, 169, 0.35
450, 184, 0.519
450, 205, 0.523
450, 212, 0.529
450, 214, 0.572
450, 226, 0.509
450, 242, 0.82
450, 243, 0.576
450, 244, 0.544
450, 245, 0.266
450, 251, 0.495
450, 254, 0.572
450, 260, 0.226
450, 306, 0.494
450, 310, 0.885
450, 319, 0.652
450, 334, 0.591
450, 342, 0.225
450, 376, 0.368
450, 380, 0.603
450, 392, 0.558
450, 395, 0.319
450, 450, 0.488
450, 468, 0.448
450, 472, 0.504
450, 473, 0.493
450, 479, 0.64
450, 482, 0.658
450, 497, 0.453
450, 553, 0.332
450, 555, 0.7
450, 591, 0.382
450, 594, 0.602
450, 609, 0.286
450, 612, 0.573
450, 620, 0.7
450, 630, 0.601
450, 635, 0.507
450, 638, 0.52
450, 639, 0.348
450, 700, 0.545
450, 707, 0.65
450, 721, 0.42
450, 730, 0.316
450, 793, 0.754
468, 9, 0.539
468, 15, 0.818
468, 18, 0.603
468, 34, 0.555
468, 59, 0.532
468, 73, 0.463
468, 82, 0.357
468, 89, 0.491
468, 121, 0.647
468, 142, 0.531
468, 169, 0.37
468, 184, 0.611
468, 205, 0.536
468, 212, 0.494
468, 214, 0.639
468, 226, 0.607
468, 242, 0.711
468, 243, 0.25
468, 244, 0.354
468, 245, 0.302
468, 251, 0.671
468, 254, 0.753
468, 260, 0.309
468, 306, 0.433
468, 310, 0.554
468, 319, 0.65
468, 334, 0.686
468, 342, 0.395
468, 376, 0.403
468, 380, 0.594
468, 392, 0.589
468, 395, 0.224
468, 450, 0.516
468, 468, 0.51
468, 472, 0.557
468, 473, 0.61
468, 479, 0.39
468, 482, 0.561
468, 497, 0.751
468, 553, 0.374
468, 555, 0.557
468, 591, 0.455
468, 594, 0.736
468, 609, 0.448
468, 612, 0.609
468, 620, 0.74
468, 630, 0.616
468, 635, 0.452
468, 638, 0.478
468, 639, 0.387
468, 700, 0.377
468, 707, 0.621
468, 721, 0.397
468, 730, 0.448
468, 793, 0.364
472, 9, 0.377
472, 15, 0.838
472, 18, 0.552
472, 34, 0.527
472, 59, 0.488
472, 73, 0.445
472, 82, 0.635
472, 89, 0.642
472, 121, 0.536
472, 142, 0.583
472, 169, 0.38
472, 184, 0.459
472, 205, 0.571
472, 212, 0.471
472, 214, 0.578
472, 226, 0.533
472, 242, 0.813
472, 243, 0.596
472, 244, 0.412
472, 245, 0.265
472, 251, 0.645
472, 254, 0.671
472, 260, 0.283
472, 306, 0.371
472, 310, 0.836
472, 319, 0.542
472, 334, 0.57
472, 342, 0.314
472, 376, 0.436
472, 380, 0.57
472, 392, 0.544
472, 395, 0.349
472, 450, 0.519
472, 468, 0.452
472, 472, 0.503
472, 473, 0.503
472, 479, 0.664
472, 482, 0.641
472, 497, 0.61
472, 553, 0.385
472, 555, 0.621
472, 591, 0.453
472, 594, 0.505
472, 609, 0.422
472, 612, 0.53
472, 620, 0.68
472, 630, 0.573
472, 635, 0.416
472, 638, 0.403
472, 639, 0.412
472, 700, 0.491
472, 707, 0.575
472, 721, 0.385
472, 730, 0.326
472, 793, 0.648
473, 9, 0.396
473, 15, 0.75
473, 18, 0.499
473, 34, 0.582
473, 59, 0.443
473, 73, 0.572
473, 82, 0.576
473, 89, 0.582
473, 121, 0.575
473, 142, 0.487
473, 169, 0.303
473, 184, 0.511
473, 205, 0.413
473, 212, 0.328
473, 214, 0.416
473, 226, 0.637
473, 242, 0.747
473, 243, 0.486
473, 244, 0.329
473, 245, 0.216
473, 251, 0.581
473, 254, 0.575
473, 260, 0.236
473, 306, 0.353
473, 310, 0.758
473, 319, 0.606
473, 334, 0.574
473, 342, 0.259
473, 376, 0.269
473, 380, 0.622
473, 392, 0.378
473, 395, 0.238
473, 450, 0.524
473, 468, 0.399
473, 472, 0.495
473, 473, 0.494
473, 479, 0.635
473, 482, 0.54
473, 497, 0.609
473, 553, 0.327
473, 555, 0.418
473, 591, 0.452
473, 594, 0.605
473, 609, 0.357
473, 612, 0.515
473, 620, 0.487
473, 630, 0.513
473, 635, 0.388
473, 638, 0.31
473, 639, 0.31
473, 700, 0.451
473, 707, 0.638
473, 721, 0.327
473, 730, 0.479
473, 793, 0.644
479, 9, 0.568
479, 15, 0.617
479, 18, 0.719
479, 34, 0.389
479, 59, 0.4
479, 73, 0.507
479, 82, 0.677
479, 89, 0.552
479, 121, 0.676
479, 142, 0.446
479, 169, 0.564
479, 184, 0.657
479, 205, 0.677
479, 212, 0.593
479, 214, 0.507
479, 226, 0.594
479, 242, 0.608
479, 243, 0.444
479, 244, 0.392
479, 245, 0.493
479, 251, 0.536
479, 254, 0.484
479, 260, 0.32
479, 306, 0.477
479, 310, 0.674
479, 319, 0.508
479, 334, 0.492
479, 342, 0.46
479, 376, 0.561
479, 380, 0.481
479, 392, 0.453
479, 395, 0.521
479, 450, 0.35
479, 468, 0.585
479, 472, 0.309
479, 473, 0.372
479, 479, 0.482
479, 482, 0.601
479, 497, 0.439
479, 553, 0.163
479, 555, 0.501
479, 591, 0.395
479, 594, 0.701
479, 609, 0.294
479, 612, 0.398
479, 620, 0.731
479, 630, 0.404
479, 635, 0.282
479, 638, 0.751
479, 639, 0.486
479, 700, 0.609
479, 707, 0.572
479, 721, 0.435
479, 730, 0.349
479, 793, 0.459
482, 9, 0.438
482, 15, 0.627
482, 18, 0.545
482, 34, 0.451
482, 59, 0.34
482, 73, 0.508
482, 82, 0.39
482, 89, 0.501
482, 121, 0.616
482, 142, 0.401
482, 169, 0.348
482, 184, 0.506
482, 205, 0.49
482, 212, 0.294
482, 214, 0.448
482, 226, 0.549
482, 242, 0.655
482, 243, 0.241
482, 244, 0.303
482, 245, 0.26
482, 251, 0.482
482, 254, 0.508
482, 260, 0.245
482, 306, 0.3
482, 310, 0.569
482, 319, 0.474
482, 334, 0.515
482, 342, 0.231
482, 376, 0.335
482, 380, 0.419
482, 392, 0.446
482, 395, 0.228
482, 450, 0.366
482, 468, 0.472
482, 472, 0.411
482, 473, 0.487
482, 479, 0.404
482, 482, 0.51
482, 497, 0.539
482, 553, 0.148
482, 555, 0.486
482, 591, 0.377
482, 594, 0.62
482, 609, 0.33
482, 612, 0.365
482, 620, 0.618
482, 630, 0.332
482, 635, 0.188
482, 638, 0.416
482, 639, 0.323
482, 700, 0.377
482, 707, 0.485
482, 721, 0.303
482, 730, 0.38
482, 793, 0.44
497, 9, 0.558
497, 15, 0.402
497, 18, 0.333
497, 34, 0.414
497, 59, 0.248
497, 73, 0.464
497, 82, 0.449
497, 89, 0.377
497, 121, 0.648
497, 142, 0.305
497, 169, 0.134
497, 184, 0.629
497, 205, 0.315
497, 212, 0.143
497, 214, 0.307
497, 226, 0.499
497, 242, 0.706
497, 243, 0.544
497, 244, 0.366
497, 245, 0.491
497, 251, 0.67
497, 254, 0.766
497, 260, 0.677
497, 306, 0.478
497, 310, 0.782
497, 319, 0.672
497, 334, 0.456
497, 342, 0.501
497, 376, 0.377
497, 380, 0.604
497, 392, 0.417
497, 395, 0.423
497, 450, 0.756
497, 468, 0.442
497, 472, 0.508
497, 473, 0.593
497, 479, 0.586
497, 482, 0.604
497, 497, 0.544
497, 553, 0.481
497, 555, 0.505
497, 591, 0.404
497, 594, 0.788
497, 609, 0.227
497, 612, 0.588
497, 620, 0.775
497, 630, 0.322
497, 635, 0.403
497, 638, 0.595
497, 639, 0.575
497, 700, 0.601
497, 707, 0.59
497, 721, 0.509
497, 730, 0.603
497, 793, 0.513
553, 9, 0.591
553, 15, 0.854
553, 18, 0.811
553, 34, 0.773
553, 59, 0.71
553, 73, 0.63
553, 82, 0.844
553, 89, 0.832
553, 121, 0.724
553, 142, 0.719
553, 169, 0.587
553, 184, 0.571
553, 205, 0.705
553, 212, 0.757
553, 214, 0.757
553, 226, 0.602
553, 242, 0.883
553, 243, 0.795
553, 244, 0.692
553, 245, 0.487
553, 251, 0.726
553, 254, 0.716
553, 260, 0.517
553, 306, 0.671
553, 310, 0.957
553, 319, 0.722
553, 334, 0.729
553, 342, 0.476
553, 376, 0.679
553, 380, 0.773
553, 392, 0.709
553, 395, 0.571
553, 450, 0.725
553, 468, 0.64
553, 472, 0.626
553, 473, 0.686
553, 479, 0.812
553, 482, 0.838
553, 497, 0.49
553, 553, 0.488
553, 555, 0.857
553, 591, 0.593
553, 594, 0.675
553, 609, 0.596
553, 612, 0.72
553, 620, 0.899
553, 630, 0.635
553, 635, 0.611
553, 638, 0.805
553, 639, 0.727
553, 700, 0.702
553, 707, 0.763
553, 721, 0.604
553, 730, 0.409
553, 793, 0.852
555, 9, 0.345
555, 15, 0.817
555, 18, 0.577
555, 34, 0.459
555, 59, 0.539
555, 73, 0.482
555, 82, 0.537
555, 89, 0.534
555, 121, 0.559
555, 142, 0.511
555, 169, 0.333
555, 184, 0.395
555, 205, 0.517
555, 212, 0.598
555, 214, 0.453
555, 226, 0.518
555, 242, 0.851
555, 243, 0.283
555, 244, 0.458
555, 245, 0.205
555, 251, 0.607
555, 254, 0.632
555, 260, 0.144
555, 306, 0.454
555, 310, 0.711
555, 319, 0.578
555, 334, 0.594
555, 342, 0.217
555, 376, 0.425
555, 380, 0.463
555, 392, 0.481
555, 395, 0.249
555, 450, 0.307
555, 468, 0.463
555, 472, 0.365
555, 473, 0.59
555, 479, 0.477
555, 482, 0.577
555, 497, 0.473
555, 553, 0.167
555, 555, 0.492
555, 591, 0.414
555, 594, 0.532
555, 609, 0.477
555, 612, 0.331
555, 620, 0.491
555, 630, 0.563
555, 635, 0.331
555, 638, 0.491
555, 639, 0.181
555, 700, 0.405
555, 707, 0.739
555, 721, 0.279
555, 730, 0.367
555, 793, 0.554
591, 9, 0.745
591, 15, 0.714
591, 18, 0.617
591, 34, 0.6
591, 59, 0.494
591, 73, 0.704
591, 82, 0.623
591, 89, 0.65
591, 121, 0.789
591, 142, 0.454
591, 169, 0.295
591, 184, 0.791
591, 205, 0.513
591, 212, 0.438
591, 214, 0.613
591, 226, 0.656
591, 242, 0.767
591, 243, 0.505
591, 244, 0.403
591, 245, 0.47
591, 251, 0.692
591, 254, 0.771
591, 260, 0.638
591, 306, 0.429
591, 310, 0.782
591, 319, 0.634
591, 334, 0.52
591, 342, 0.49
591, 376, 0.41
591, 380, 0.567
591, 392, 0.511
591, 395, 0.419
591, 450, 0.605
591, 468, 0.501
591, 472, 0.479
591, 473, 0.552
591, 479, 0.504
591, 482, 0.619
591, 497, 0.608
591, 553, 0.365
591, 555, 0.572
591, 591, 0.555
591, 594, 0.786
591, 609, 0.303
591, 612, 0.514
591, 620, 0.794
591, 630, 0.38
591, 635, 0.375
591, 638, 0.634
591, 639, 0.55
591, 700, 0.646
591, 707, 0.608
591, 721, 0.593
591, 730, 0.669
591, 793, 0.621
594, 9, 0.278
594, 15, 0.452
594, 18, 0.41
594, 34, 0.445
594, 59, 0.322
594, 73, 0.297
594, 82, 0.303
594, 89, 0.352
594, 121, 0.369
594, 142, 0.447
594, 169, 0.301
594, 184, 0.345
594, 205, 0.403
594, 212, 0.292
594, 214, 0.335
594, 226, 0.397
594, 242, 0.526
594, 243, 0.198
594, 244, 0.368
594, 245, 0.204
594, 251, 0.327
594, 254, 0.281
594, 260, 0.245
594, 306, 0.347
594, 310, 0.364
594, 319, 0.358
594, 334, 0.378
594, 342, 0.183
594, 376, 0.244
594, 380, 0.332
594, 392, 0.326
594, 395, 0.181
594, 450, 0.414
594, 468, 0.28
594, 472, 0.496
594, 473, 0.375
594, 479, 0.285
594, 482, 0.357
594, 497, 0.217
594, 553, 0.336
594, 555, 0.429
594, 591, 0.196
594, 594, 0.492
594, 609, 0.229
594, 612, 0.254
594, 620, 0.386
594, 630, 0.399
594, 635, 0.176
594, 638, 0.28
594, 639, 0.257
594, 700, 0.337
594, 707, 0.364
594, 721, 0.225
594, 730, 0.262
594, 793, 0.358
609, 9, 0.669
609, 15, 0.712
609, 18, 0.543
609, 34, 0.642
609, 59, 0.515
609, 73, 0.584
609, 82, 0.827
609, 89, 0.574
609, 121, 0.804
609, 142, 0.462
609, 169, 0.394
609, 184, 0.758
609, 205, 0.774
609, 212, 0.641
609, 214, 0.696
609, 226, 0.581
609, 242, 0.776
609, 243, 0.654
609, 244, 0.42
609, 245, 0.519
609, 251, 0.809
609, 254, 0.817
609, 260, 0.549
609, 306, 0.608
609, 310, 0.822
609, 319, 0.583
609, 334, 0.56
609, 342, 0.535
609, 376, 0.656
609, 380, 0.601
609, 392, 0.497
609, 395, 0.584
609, 450, 0.69
609, 468, 0.55
609, 472, 0.565
609, 473, 0.686
609, 479, 0.673
609, 482, 0.707
609, 497, 0.806
609, 553, 0.427
609, 555, 0.568
609, 591, 0.689
609, 594, 0.782
609, 609, 0.542
609, 612, 0.53
609, 620, 0.748
609, 630, 0.436
609, 635, 0.319
609, 638, 0.759
609, 639, 0.608
609, 700, 0.737
609, 707, 0.822
609, 721, 0.455
609, 730, 0.644
609, 793, 0.458
612, 9, 0.562
612, 15, 0.765
612, 18, 0.587
612, 34, 0.557
612, 59, 0.586
612, 73, 0.645
612, 82, 0.536
612, 89, 0.635
612, 121, 0.682
612, 142, 0.533
612, 169, 0.347
612, 184, 0.491
612, 205, 0.449
612, 212, 0.435
612, 214, 0.504
612, 226, 0.655
612, 242, 0.813
612, 243, 0.45
612, 244, 0.568
612, 245, 0.366
612, 251, 0.643
612, 254, 0.657
612, 260, 0.327
612, 306, 0.422
612, 310, 0.816
612, 319, 0.698
612, 334, 0.564
612, 342, 0.356
612, 376, 0.34
612, 380, 0.634
612, 392, 0.59
612, 395, 0.37
612, 450, 0.458
612, 468, 0.395
612, 472, 0.449
612, 473, 0.495
612, 479, 0.602
612, 482, 0.673
612, 497, 0.461
612, 553, 0.277
612, 555, 0.656
612, 591, 0.455
612, 594, 0.778
612, 609, 0.457
612, 612, 0.511
612, 620, 0.588
612, 630, 0.549
612, 635, 0.485
612, 638, 0.353
612, 639, 0.28
612, 700, 0.329
612, 707, 0.495
612, 721, 0.485
612, 730, 0.423
612, 793, 0.625
620, 9, 0.453
620, 15, 0.691
620, 18, 0.495
620, 34, 0.312
620, 59, 0.437
620, 73, 0.436
620, 82, 0.218
620, 89, 0.446
620, 121, 0.516
620, 142, 0.493
620, 169, 0.144
620, 184, 0.381
620, 205, 0.22
620, 212, 0.384
620, 214, 0.414
620, 226, 0.555
620, 242, 0.779
620, 243, 0.148
620, 244, 0.315
620, 245, 0.106
620, 251, 0.466
620, 254, 0.505
620, 260, 0.099
620, 306, 0.441
620, 310, 0.601
620, 319, 0.689
620, 334, 0.467
620, 342, 0.172
620, 376, 0.15
620, 380, 0.41
620, 392, 0.441
620, 395, 0.11
620, 450, 0.347
620, 468, 0.274
620, 472, 0.374
620, 473, 0.533
620, 479, 0.28
620, 482, 0.444
620, 497, 0.25
620, 553, 0.103
620, 555, 0.486
620, 591, 0.244
620, 594, 0.604
620, 609, 0.269
620, 612, 0.403
620, 620, 0.497
620, 630, 0.531
620, 635, 0.441
620, 638, 0.353
620, 639, 0.113
620, 700, 0.159
620, 707, 0.477
620, 721, 0.286
620, 730, 0.333
620, 793, 0.531
630, 9, 0.466
630, 15, 0.729
630, 18, 0.457
630, 34, 0.457
630, 59, 0.474
630, 73, 0.508
630, 82, 0.497
630, 89, 0.458
630, 121, 0.708
630, 142, 0.468
630, 169, 0.391
630, 184, 0.457
630, 205, 0.601
630, 212, 0.397
630, 214, 0.494
630, 226, 0.631
630, 242, 0.829
630, 243, 0.537
630, 244, 0.475
630, 245, 0.468
630, 251, 0.889
630, 254, 0.846
630, 260, 0.586
630, 306, 0.372
630, 310, 0.693
630, 319, 0.626
630, 334, 0.651
630, 342, 0.523
630, 376, 0.668
630, 380, 0.739
630, 392, 0.599
630, 395, 0.511
630, 450, 0.654
630, 468, 0.573
630, 472, 0.555
630, 473, 0.611
630, 479, 0.602
630, 482, 0.777
630, 497, 0.806
630, 553, 0.379
630, 555, 0.645
630, 591, 0.743
630, 594, 0.713
630, 609, 0.584
630, 612, 0.643
630, 620, 0.788
630, 630, 0.515
630, 635, 0.413
630, 638, 0.658
630, 639, 0.63
630, 700, 0.633
630, 707, 0.704
630, 721, 0.526
630, 730, 0.608
630, 793, 0.566
635, 9, 0.626
635, 15, 0.835
635, 18, 0.73
635, 34, 0.607
635, 59, 0.695
635, 73, 0.712
635, 82, 0.623
635, 89, 0.681
635, 121, 0.78
635, 142, 0.649
635, 169, 0.528
635, 184, 0.525
635, 205, 0.617
635, 212, 0.547
635, 214, 0.537
635, 226, 0.774
635, 242, 0.84
635, 243, 0.52
635, 244, 0.633
635, 245, 0.466
635, 251, 0.76
635, 254, 0.738
635, 260, 0.316
635, 306, 0.44
635, 310, 0.864
635, 319, 0.799
635, 334, 0.671
635, 342, 0.483
635, 376, 0.48
635, 380, 0.726
635, 392, 0.591
635, 395, 0.484
635, 450, 0.573
635, 468, 0.522
635, 472, 0.566
635, 473, 0.608
635, 479, 0.713
635, 482, 0.832
635, 497, 0.621
635, 553, 0.39
635, 555, 0.662
635, 591, 0.608
635, 594, 0.818
635, 609, 0.642
635, 612, 0.519
635, 620, 0.565
635, 630, 0.602
635, 635, 0.466
635, 638, 0.467
635, 639, 0.319
635, 700, 0.405
635, 707, 0.614
635, 721, 0.514
635, 730, 0.52
635, 793, 0.718
638, 9, 0.599
638, 15, 0.865
638, 18, 0.768
638, 34, 0.545
638, 59, 0.546
638, 73, 0.731
638, 82, 0.213
638, 89, 0.652
638, 121, 0.678
638, 142, 0.687
638, 169, 0.372
638, 184, 0.615
638, 205, 0.371
638, 212, 0.598
638, 214, 0.629
638, 226, 0.726
638, 242, 0.857
638, 243, 0.212
638, 244, 0.413
638, 245, 0.228
638, 251, 0.667
638, 254, 0.76
638, 260, 0.129
638, 306, 0.426
638, 310, 0.709
638, 319, 0.814
638, 334, 0.688
638, 342, 0.298
638, 376, 0.212
638, 380, 0.605
638, 392, 0.487
638, 395, 0.079
638, 450, 0.489
638, 468, 0.531
638, 472, 0.612
638, 473, 0.698
638, 479, 0.247
638, 482, 0.589
638, 497, 0.44
638, 553, 0.213
638, 555, 0.563
638, 591, 0.361
638, 594, 0.744
638, 609, 0.276
638, 612, 0.642
638, 620, 0.626
638, 630, 0.37
638, 635, 0.581
638, 638, 0.515
638, 639, 0.29
638, 700, 0.426
638, 707, 0.739
638, 721, 0.377
638, 730, 0.558
638, 793, 0.749
639, 9, 0.714
639, 15, 0.857
639, 18, 0.744
639, 34, 0.744
639, 59, 0.757
639, 73, 0.736
639, 82, 0.54
639, 89, 0.807
639, 121, 0.7
639, 142, 0.625
639, 169, 0.333
639, 184, 0.735
639, 205, 0.477
639, 212, 0.655
639, 214, 0.793
639, 226, 0.7
639, 242, 0.895
639, 243, 0.489
639, 244, 0.702
639, 245, 0.307
639, 251, 0.69
639, 254, 0.812
639, 260, 0.324
639, 306, 0.604
639, 310, 0.93
639, 319, 0.836
639, 334, 0.681
639, 342, 0.389
639, 376, 0.295
639, 380, 0.643
639, 392, 0.78
639, 395, 0.227
639, 450, 0.643
639, 468, 0.624
639, 472, 0.604
639, 473, 0.694
639, 479, 0.504
639, 482, 0.691
639, 497, 0.422
639, 553, 0.303
639, 555, 0.851
639, 591, 0.454
639, 594, 0.78
639, 609, 0.414
639, 612, 0.741
639, 620, 0.869
639, 630, 0.347
639, 635, 0.699
639, 638, 0.709
639, 639, 0.515
639, 700, 0.559
639, 707, 0.693
639, 721, 0.669
639, 730, 0.531
639, 793, 0.758
700, 9, 0.59
700, 15, 0.748
700, 18, 0.677
700, 34, 0.582
700, 59, 0.532
700, 73, 0.546
700, 82, 0.379
700, 89, 0.578
700, 121, 0.695
700, 142, 0.441
700, 169, 0.252
700, 184, 0.704
700, 205, 0.427
700, 212, 0.513
700, 214, 0.659
700, 226, 0.595
700, 242, 0.76
700, 243, 0.404
700, 244, 0.396
700, 245, 0.341
700, 251, 0.716
700, 254, 0.779
700, 260, 0.41
700, 306, 0.358
700, 310, 0.801
700, 319, 0.657
700, 334, 0.662
700, 342, 0.413
700, 376, 0.291
700, 380, 0.706
700, 392, 0.526
700, 395, 0.194
700, 450, 0.53
700, 468, 0.555
700, 472, 0.498
700, 473, 0.525
700, 479, 0.448
700, 482, 0.638
700, 497, 0.486
700, 553, 0.356
700, 555, 0.581
700, 591, 0.353
700, 594, 0.737
700, 609, 0.238
700, 612, 0.69
700, 620, 0.808
700, 630, 0.351
700, 635, 0.584
700, 638, 0.552
700, 639, 0.492
700, 700, 0.51
700, 707, 0.64
700, 721, 0.433
700, 730, 0.568
700, 793, 0.39
707, 9, 0.415
707, 15, 0.703
707, 18, 0.478
707, 34, 0.389
707, 59, 0.293
707, 73, 0.555
707, 82, 0.33
707, 89, 0.517
707, 121, 0.615
707, 142, 0.385
707, 169, 0.316
707, 184, 0.494
707, 205, 0.372
707, 212, 0.245
707, 214, 0.49
707, 226, 0.541
707, 242, 0.63
707, 243, 0.265
707, 244, 0.2
707, 245, 0.252
707, 251, 0.574
707, 254, 0.605
707, 260, 0.195
707, 306, 0.168
707, 310, 0.566
707, 319, 0.567
707, 334, 0.544
707, 342, 0.292
707, 376, 0.258
707, 380, 0.598
707, 392, 0.299
707, 395, 0.169
707, 450, 0.365
707, 468, 0.4
707, 472, 0.454
707, 473, 0.398
707, 479, 0.43
707, 482, 0.526
707, 497, 0.451
707, 553, 0.24
707, 555, 0.283
707, 591, 0.406
707, 594, 0.635
707, 609, 0.222
707, 612, 0.505
707, 620, 0.528
707, 630, 0.297
707, 635, 0.399
707, 638, 0.3
707, 639, 0.305
707, 700, 0.372
707, 707, 0.496
707, 721, 0.23
707, 730, 0.436
707, 793, 0.608
721, 9, 0.638
721, 15, 0.888
721, 18, 0.765
721, 34, 0.68
721, 59, 0.751
721, 73, 0.653
721, 82, 0.588
721, 89, 0.702
721, 121, 0.739
721, 142, 0.695
721, 169, 0.45
721, 184, 0.713
721, 205, 0.636
721, 212, 0.716
721, 214, 0.675
721, 226, 0.701
721, 242, 0.844
721, 243, 0.382
721, 244, 0.672
721, 245, 0.332
721, 251, 0.657
721, 254, 0.756
721, 260, 0.289
721, 306, 0.646
721, 310, 0.776
721, 319, 0.809
721, 334, 0.729
721, 342, 0.425
721, 376, 0.496
721, 380, 0.583
721, 392, 0.736
721, 395, 0.388
721, 450, 0.607
721, 468, 0.654
721, 472, 0.641
721, 473, 0.701
721, 479, 0.569
721, 482, 0.725
721, 497, 0.505
721, 553, 0.397
721, 555, 0.779
721, 591, 0.501
721, 594, 0.826
721, 609, 0.548
721, 612, 0.568
721, 620, 0.739
721, 630, 0.513
721, 635, 0.512
721, 638, 0.664
721, 639, 0.34
721, 700, 0.573
721, 707, 0.768
721, 721, 0.525
721, 730, 0.648
721, 793, 0.595
730, 9, 0.574
730, 15, 0.61
730, 18, 0.537
730, 34, 0.685
730, 59, 0.463
730, 73, 0.442
730, 82, 0.542
730, 89, 0.525
730, 121, 0.643
730, 142, 0.578
730, 169, 0.37
730, 184, 0.629
730, 205, 0.6
730, 212, 0.408
730, 214, 0.512
730, 226, 0.495
730, 242, 0.614
730, 243, 0.39
730, 244, 0.499
730, 245, 0.328
730, 251, 0.523
730, 254, 0.61
730, 260, 0.5
730, 306, 0.589
730, 310, 0.706
730, 319, 0.643
730, 334, 0.567
730, 342, 0.363
730, 376, 0.297
730, 380, 0.575
730, 392, 0.564
730, 395, 0.268
730, 450, 0.676
730, 468, 0.563
730, 472, 0.67
730, 473, 0.568
730, 479, 0.644
730, 482, 0.629
730, 497, 0.41
730, 553, 0.606
730, 555, 0.64
730, 591, 0.316
730, 594, 0.755
730, 609, 0.358
730, 612, 0.57
730, 620, 0.676
730, 630, 0.423
730, 635, 0.475
730, 638, 0.418
730, 639, 0.415
730, 700, 0.415
730, 707, 0.565
730, 721, 0.36
730, 730, 0.479
730, 793, 0.52
793, 9, 0.401
793, 15, 0.706
793, 18, 0.724
793, 34, 0.295
793, 59, 0.521
793, 73, 0.534
793, 82, 0.357
793, 89, 0.547
793, 121, 0.628
793, 142, 0.473
793, 169, 0.466
793, 184, 0.538
793, 205, 0.38
793, 212, 0.244
793, 214, 0.423
793, 226, 0.585
793, 242, 0.687
793, 243, 0.316
793, 244, 0.435
793, 245, 0.35
793, 251, 0.641
793, 254, 0.505
793, 260, 0.195
793, 306, 0.174
793, 310, 0.676
793, 319, 0.53
793, 334, 0.635
793, 342, 0.368
793, 376, 0.201
793, 380, 0.458
793, 392, 0.497
793, 395, 0.156
793, 450, 0.25
793, 468, 0.668
793, 472, 0.349
793, 473, 0.364
793, 479, 0.568
793, 482, 0.586
793, 497, 0.538
793, 553, 0.145
793, 555, 0.483
793, 591, 0.387
793, 594, 0.647
793, 609, 0.615
793, 612, 0.367
793, 620, 0.527
793, 630, 0.441
793, 635, 0.323
793, 638, 0.258
793, 639, 0.264
793, 700, 0.608
793, 707, 0.408
793, 721, 0.408
793, 730, 0.52
793, 793, 0.524
