4, 4, 4, 0.56
4, 7, 7, 0.7
4, 37, 4, 0.64
4, 39, 4, 0.57
4, 66, 66, 0.69
4, 95, 95, 0.65
4, 106, 106, 0.84
4, 114, 114, 0.62
4, 128, 128, 0.85
4, 131, 131, 0.85
4, 146, 146, 0.86
4, 150, 150, 0.86
4, 152, 4, 0.65
4, 213, 213, 0.53
4, 228, 4, 0.56
4, 231, 231, 0.62
4, 249, 249, 0.93
4, 261, 4, 0.73
4, 280, 4, 0.85
4, 303, 303, 0.52
4, 304, 304, 0.61
4, 309, 4, 0.64
4, 382, 382, 0.93
4, 429, 429, 0.8
4, 446, 446, 0.76
4, 463, 463, 0.89
4, 466, 466, 0.86
4, 486, 486, 0.92
4, 491, 491, 0.85
4, 495, 4, 0.77
4, 531, 531, 0.64
4, 599, 4, 0.55
4, 626, 626, 0.91
4, 638, 638, 0.82
4, 646, 646, 0.94
4, 647, 647, 0.91
4, 648, 648, 0.78
4, 659, 4, 0.52
4, 702, 702, 0.72
4, 719, 719, 0.82
4, 720, 720, 0.85
4, 746, 4, 0.69
4, 749, 749, 0.78
4, 779, 779, 0.72
4, 786, 786, 0.69
4, 787, 787, 0.78
4, 788, 788, 0.83
4, 789, 4, 1.0
4, 798, 798, 0.69
4, 799, 799, 0.99
4, 802, 802, 0.96
7, 4, 7, 0.62
7, 7, 7, 0.65
7, 37, 7, 0.73
7, 39, 7, 0.56
7, 66, =
7, 95, 7, 0.67
7, 106, 106, 0.78
7, 114, 114, 0.76
7, 128, 128, 0.8
7, 131, 131, 0.83
7, 146, 146, 0.75
7, 150, 150, 0.79
7, 152, 152, 0.55
7, 213, 7, 0.65
7, 228, 7, 0.59
7, 231, 7, 0.58
7, 249, 249, 0.91
7, 261, 7, 0.74
7, 280, 7, 0.8
7, 303, 303, 0.64
7, 304, 7, 0.52
7, 309, 7, 0.56
7, 382, 382, 0.94
7, 429, 429, 0.76
7, 446, 446, 0.79
7, 463, 463, 0.83
7, 466, 466, 0.93
7, 486, 486, 0.96
7, 491, 491, 0.87
7, 495, 495, 0.6
7, 531, 531, 0.65
7, 599, 599, 0.52
7, 626, 626, 0.84
7, 638, 638, 0.78
7, 646, 646, 0.87
7, 647, 647, 0.87
7, 648, 648, 0.86
7, 659, 7, 0.6
7, 702, 702, 0.77
7, 719, 719, 0.67
7, 720, 720, 0.92
7, 746, 7, 0.82
7, 749, 749, 0.59
7, 779, 779, 0.76
7, 786, 786, 0.74
7, 787, 787, 0.87
7, 788, 788, 0.76
7, 789, 7, 1.0
7, 798, 798, 0.93
7, 799, 799, 0.96
7, 802, 802, 0.98
37, 4, 4, 0.63
37, 7, 7, 0.66
37, 37, 37, 0.52
37, 39, 37, 0.55
37, 66, 66, 0.73
37, 95, 95, 0.71
37, 106, 106, 0.89
37, 114, 114, 0.62
37, 128, 128, 0.88
37, 131, 131, 0.87
37, 146, 146, 0.91
37, 150, 150, 0.84
37, 152, 37, 0.66
37, 213, 213, 0.64
37, 228, 228, 0.72
37, 231, 231, 0.73
37, 249, 249, 0.91
37, 261, 37, 0.58
37, 280, 37, 0.88
37, 303, 303, 0.69
37, 304, 304, 0.76
37, 309, 309, 0.53
37, 382, 382, 0.97
37, 429, 429, 0.77
37, 446, 446, 0.79
37, 463, 463, 0.94
37, 466, 466, 0.94
37, 486, 486, 0.93
37, 491, 491, 0.94
37, 495, 37, 0.65
37, 531, 531, 0.81
37, 599, 599, 0.53
37, 626, 626, 0.92
37, 638, 638, 0.88
37, 646, 646, 0.98
37, 647, 647, 0.96
37, 648, 648, 0.86
37, 659, 659, 0.52
37, 702, 702, 0.69
37, 719, 719, 0.79
37, 720, 720, 0.89
37, 746, 37, 0.63
37, 749, 749, 0.81
37, 779, 779, 0.79
37, 786, 786, 0.69
37, 787, 787, 0.71
37, 788, 788, 0.8
37, 789, 37, 1.0
37, 798, 798, 0.76
37, 799, 799, 0.97
37, 802, 802, 0.95
39, 4, 4, 0.53
39, 7, 7, 0.64
39, 37, 37, 0.51
39, 39, 39, 0.52
39, 66, 66, 0.73
39, 95, 95, 0.63
39, 106, 106, 0.8
39, 114, 114, 0.76
39, 128, 128, 0.85
39, 131, 131, 0.91
39, 146, 146, 0.88
39, 150, 150, 0.92
39, 152, 152, 0.53
39, 213, 213, 0.68
39, 228, 228, 0.56
39, 231, 231, 0.69
39, 249, 249, 0.94
39, 261, 39, 0.62
39, 280, 39, 0.83
39, 303, 303, 0.79
39, 304, 304, 0.81
39, 309, 309, 0.62
39, 382, 382, 0.95
39, 429, 429, 0.84
39, 446, 446, 0.82
39, 463, 463, 0.9
39, 466, 466, 0.91
39, 486, 486, 0.92
39, 491, 491, 0.85
39, 495, 39, 0.54
39, 531, 531, 0.69
39, 599, 599, 0.68
39, 626, 626, 0.94
39, 638, 638, 0.93
39, 646, 646, 0.89
39, 647, 647, 0.94
39, 648, 648, 0.85
39, 659, 659, 0.55
39, 702, 702, 0.76
39, 719, 719, 0.81
39, 720, 720, 0.83
39, 746, 39, 0.7
39, 749, 749, 0.84
39, 779, 779, 0.72
39, 786, 786, 0.75
39, 787, 787, 0.9
39, 788, 788, 0.79
39, 789, 39, 0.99
39, 798, 798, 0.91
39, 799, 799, 0.95
39, 802, 802, 0.95
66, 4, 66, 0.68
66, 7, =
66, 37, 66, 0.62
66, 39, 66, 0.76
66, 66, 66, 0.54
66, 95, 95, 0.53
66, 106, 106, 0.65
66, 114, 114, 0.65
66, 128, 128, 0.7
66, 131, 131, 0.77
66, 146, 146, 0.82
66, 150, 150, 0.82
66, 152, 66, 0.7
66, 213, 66, 0.65
66, 228, 66, 0.71
66, 231, 66, 0.61
66, 249, 249, 0.9
66, 261, 66, 0.83
66, 280, 66, 0.77
66, 303, 303, 0.63
66, 304, 66, 0.56
66, 309, 66, 0.71
66, 382, 382, 0.94
66, 429, 429, 0.82
66, 446, 446, 0.51
66, 463, 463, 0.82
66, 466, 466, 0.78
66, 486, 486, 0.79
66, 491, 491, 0.74
66, 495, 66, 0.68
66, 531, 531, 0.54
66, 599, 66, 0.7
66, 626, 626, 0.77
66, 638, 638, 0.79
66, 646, 646, 0.75
66, 647, 647, 0.79
66, 648, 648, 0.81
66, 659, 66, 0.78
66, 702, 702, 0.63
66, 719, 719, 0.65
66, 720, 720, 0.89
66, 746, 66, 0.87
66, 749, 749, 0.67
66, 779, 779, 0.76
66, 786, 786, 0.71
66, 787, 787, 0.75
66, 788, 788, 0.73
66, 789, 66, 1.0
66, 798, 798, 0.76
66, 799, 799, 0.85
66, 802, 802, 0.95
95, 4, 95, 0.67
95, 7, 7, 0.65
95, 37, 95, 0.75
95, 39, 95, 0.7
95, 66, 66, 0.56
95, 95, 95, 0.55
95, 106, 106, 0.6
95, 114, 114, 0.67
95, 128, 128, 0.62
95, 131, 131, 0.86
95, 146, 146, 0.64
95, 150, 150, 0.74
95, 152, 152, 0.55
95, 213, 95, 0.61
95, 228, 95, 0.68
95, 231, 231, 0.51
95, 249, 249, 0.87
95, 261, 95, 0.81
95, 280, 95, 0.74
95, 303, 303, 0.67
95, 304, 304, 0.58
95, 309, 95, 0.78
95, 382, 382, 0.92
95, 429, 429, 0.63
95, 446, 446, 0.57
95, 463, 463, 0.84
95, 466, 466, 0.69
95, 486, 486, 0.8
95, 491, 491, 0.74
95, 495, 495, 0.61
95, 531, 531, 0.6
95, 599, 95, 0.51
95, 626, 626, 0.84
95, 638, 638, 0.86
95, 646, 646, 0.78
95, 647, 647, 0.82
95, 648, 648, 0.73
95, 659, 95, 0.74
95, 702, 95, 0.82
95, 719, 719, 0.56
95, 720, 720, 0.78
95, 746, 95, 0.59
95, 749, 749, 0.66
95, 779, 779, 0.67
95, 786, 786, 0.6
95, 787, 787, 0.82
95, 788, 788, 0.71
95, 789, 95, 0.97
95, 798, 798, 0.92
95, 799, 799, 0.95
95, 802, 802, 0.89
106, 4, 106, 0.81
106, 7, 106, 0.72
106, 37, 106, 0.91
106, 39, 106, 0.92
106, 66, 106, 0.63
106, 95, 106, 0.67
106, 106, 106, 0.55
106, 114, 106, 0.6
106, 128, 128, 0.51
106, 131, 106, 0.61
106, 146, 146, 0.73
106, 150, 150, 0.68
106, 152, 106, 0.87
106, 213, 106, 0.67
106, 228, 106, 0.8
106, 231, 106, 0.57
106, 249, 249, 0.86
106, 261, 106, 0.91
106, 280, 106, 0.87
106, 303, 106, 0.53
106, 304, 106, 0.66
106, 309, 106, 0.8
106, 382, 382, 0.78
106, 429, 429, 0.71
106, 446, 106, 0.63
106, 463, 106, 0.53
106, 466, 466, 0.58
106, 486, 486, 0.72
106, 491, 491, 0.52
106, 495, 106, 0.82
106, 531, 106, 0.63
106, 599, 106, 0.74
106, 626, 626, 0.68
106, 638, 638, 0.73
106, 646, 646, 0.64
106, 647, 647, 0.56
106, 648, 648, 0.55
106, 659, 106, 0.83
106, 702, 106, 0.57
106, 719, 719, 0.53
106, 720, 720, 0.78
106, 746, 106, 0.94
106, 749, =
106, 779, 106, 0.54
106, 786, 786, 0.57
106, 787, 787, 0.76
106, 788, 788, 0.52
106, 789, 106, 1.0
106, 798, 798, 0.79
106, 799, 799, 0.74
106, 802, 802, 0.95
114, 4, 114, 0.61
114, 7, 114, 0.84
114, 37, 114, 0.61
114, 39, 114, 0.78
114, 66, 114, 0.64
114, 95, 114, 0.72
114, 106, 106, 0.52
114, 114, 114, 0.51
114, 128, 128, 0.67
114, 131, 131, 0.56
114, 146, 146, 0.85
114, 150, 150, 0.7
114, 152, 114, 0.77
114, 213, 114, 0.64
114, 228, 114, 0.57
114, 231, 114, 0.73
114, 249, 249, 0.83
114, 261, 114, 0.8
114, 280, 114, 0.76
114, 303, 303, 0.72
114, 304, 114, 0.53
114, 309, 114, 0.73
114, 382, 382, 0.71
114, 429, 429, 0.72
114, 446, 446, 0.55
114, 463, 463, 0.7
114, 466, 466, 0.64
114, 486, 486, 0.83
114, 491, 491, 0.8
114, 495, 114, 0.81
114, 531, =
114, 599, 599, 0.52
114, 626, 626, 0.77
114, 638, 638, 0.83
114, 646, 646, 0.9
114, 647, 647, 0.65
114, 648, 648, 0.7
114, 659, 114, 0.78
114, 702, 114, 0.58
114, 719, 719, 0.61
114, 720, 720, 0.71
114, 746, 114, 0.94
114, 749, 114, 0.65
114, 779, 779, 0.52
114, 786, 786, 0.63
114, 787, 787, 0.67
114, 788, 788, 0.66
114, 789, 114, 0.99
114, 798, 798, 0.88
114, 799, 799, 0.91
114, 802, 802, 0.85
128, 4, 128, 0.81
128, 7, 128, 0.76
128, 37, 128, 0.91
128, 39, 128, 0.88
128, 66, 128, 0.61
128, 95, 128, 0.74
128, 106, 128, 0.53
128, 114, 128, 0.71
128, 128, 128, 0.59
128, 131, =
128, 146, 146, 0.61
128, 150, 150, 0.6
128, 152, 128, 0.85
128, 213, 128, 0.75
128, 228, 128, 0.84
128, 231, 128, 0.84
128, 249, 249, 0.55
128, 261, 128, 0.87
128, 280, 128, 0.96
128, 303, 128, 0.77
128, 304, 128, 0.69
128, 309, 128, 0.87
128, 382, 382, 0.53
128, 429, =
128, 446, 128, 0.91
128, 463, 128, 0.63
128, 466, 128, 0.72
128, 486, 128, 0.67
128, 491, 128, 0.53
128, 495, 128, 0.92
128, 531, 128, 0.86
128, 599, 128, 0.87
128, 626, 128, 0.69
128, 638, 128, 0.71
128, 646, 128, 0.53
128, 647, 128, 0.82
128, 648, 128, 0.76
128, 659, 128, 0.98
128, 702, 128, 0.81
128, 719, 128, 0.71
128, 720, 720, 0.63
128, 746, 128, 0.95
128, 749, 128, 0.87
128, 779, 128, 0.66
128, 786, 128, 0.73
128, 787, 128, 0.68
128, 788, 128, 0.67
128, 789, 128, 1.0
128, 798, 128, 0.63
128, 799, 799, 0.62
128, 802, 802, 0.59
131, 4, 131, 0.92
131, 7, 131, 0.89
131, 37, 131, 0.93
131, 39, 131, 0.89
131, 66, 131, 0.77
131, 95, 131, 0.89
131, 106, 131, 0.53
131, 114, 131, 0.55
131, 128, 128, 0.63
131, 131, 131, 0.55
131, 146, =
131, 150, 150, 0.59
131, 152, 131, 0.77
131, 213, 131, 0.81
131, 228, 131, 0.87
131, 231, 131, 0.87
131, 249, 249, 0.54
131, 261, 131, 0.94
131, 280, 131, 0.9
131, 303, 131, 0.54
131, 304, 131, 0.75
131, 309, 131, 0.81
131, 382, 382, 0.79
131, 429, 131, 0.62
131, 446, 131, 0.57
131, 463, 463, 0.52
131, 466, 466, 0.58
131, 486, 486, 0.69
131, 491, 491, 0.62
131, 495, 131, 0.78
131, 531, 131, 0.7
131, 599, 131, 0.72
131, 626, 626, 0.69
131, 638, 638, 0.67
131, 646, 646, 0.74
131, 647, 647, 0.6
131, 648, 648, 0.59
131, 659, 131, 0.82
131, 702, 131, 0.62
131, 719, 131, 0.57
131, 720, 720, 0.64
131, 746, 131, 0.95
131, 749, 131, 0.8
131, 779, 131, 0.68
131, 786, 131, 0.54
131, 787, 787, 0.71
131, 788, 131, 0.58
131, 789, 131, 1.0
131, 798, 798, 0.68
131, 799, 799, 0.74
131, 802, 802, 0.83
146, 4, 146, 0.86
146, 7, 146, 0.82
146, 37, 146, 0.95
146, 39, 146, 0.86
146, 66, 146, 0.92
146, 95, 146, 0.84
146, 106, 146, 0.78
146, 114, 146, 0.91
146, 128, 128, 0.58
146, 131, 131, 0.51
146, 146, 146, 0.52
146, 150, 150, 0.55
146, 152, 146, 0.96
146, 213, 146, 0.75
146, 228, 146, 0.92
146, 231, 146, 0.87
146, 249, 249, 0.78
146, 261, 146, 0.95
146, 280, 146, 0.97
146, 303, 146, 0.68
146, 304, 146, 0.63
146, 309, 146, 0.84
146, 382, 382, 0.81
146, 429, 146, 0.6
146, 446, 146, 0.73
146, 463, 146, 0.55
146, 466, 146, 0.56
146, 486, 486, 0.6
146, 491, 146, 0.55
146, 495, 146, 0.94
146, 531, 146, 0.76
146, 599, 146, 0.76
146, 626, 626, 0.52
146, 638, 146, 0.6
146, 646, 646, 0.62
146, 647, 146, 0.51
146, 648, 146, 0.57
146, 659, 146, 0.87
146, 702, 146, 0.67
146, 719, 719, 0.62
146, 720, 720, 0.56
146, 746, 146, 0.89
146, 749, 146, 0.86
146, 779, 146, 0.6
146, 786, 146, 0.59
146, 787, 146, 0.71
146, 788, 146, 0.62
146, 789, 146, 1.0
146, 798, 146, 0.53
146, 799, 799, 0.72
146, 802, 802, 0.59
150, 4, 150, 0.89
150, 7, 150, 0.85
150, 37, 150, 0.85
150, 39, 150, 0.83
150, 66, 150, 0.81
150, 95, 150, 0.83
150, 106, 150, 0.69
150, 114, 150, 0.64
150, 128, 150, 0.52
150, 131, 150, 0.6
150, 146, =
150, 150, 150, 0.58
150, 152, 150, 0.85
150, 213, 150, 0.68
150, 228, 150, 0.75
150, 231, 150, 0.74
150, 249, 249, 0.61
150, 261, 150, 0.88
150, 280, 150, 0.96
150, 303, 150, 0.67
150, 304, 150, 0.7
150, 309, 150, 0.89
150, 382, 382, 0.53
150, 429, 150, 0.53
150, 446, 150, 0.65
150, 463, 150, 0.56
150, 466, 150, 0.64
150, 486, 150, 0.53
150, 491, 150, 0.52
150, 495, 150, 0.79
150, 531, 150, 0.76
150, 599, 150, 0.78
150, 626, 626, 0.52
150, 638, 150, 0.67
150, 646, 646, 0.6
150, 647, 150, 0.57
150, 648, 150, 0.64
150, 659, 150, 0.97
150, 702, 150, 0.75
150, 719, 150, 0.53
150, 720, 720, 0.66
150, 746, 150, 0.94
150, 749, 150, 0.79
150, 779, 150, 0.69
150, 786, 150, 0.56
150, 787, 150, 0.53
150, 788, 150, 0.67
150, 789, 150, 1.0
150, 798, 798, 0.59
150, 799, 799, 0.78
150, 802, 802, 0.79
152, 4, 4, 0.71
152, 7, 152, 0.63
152, 37, 37, 0.65
152, 39, 152, 0.6
152, 66, 66, 0.59
152, 95, 152, 0.63
152, 106, 106, 0.75
152, 114, 114, 0.74
152, 128, 128, 0.84
152, 131, 131, 0.74
152, 146, 146, 0.9
152, 150, 150, 0.88
152, 152, 152, 0.61
152, 213, 213, 0.54
152, 228, 228, 0.74
152, 231, 231, 0.51
152, 249, 249, 0.92
152, 261, 152, 0.65
152, 280, 152, 0.82
152, 303, 303, 0.82
152, 304, 304, 0.72
152, 309, 152, 0.54
152, 382, 382, 0.85
152, 429, 429, 0.84
152, 446, 446, 0.7
152, 463, 463, 0.83
152, 466, 466, 0.83
152, 486, 486, 0.92
152, 491, 491, 0.91
152, 495, 152, 0.59
152, 531, 531, 0.72
152, 599, 599, 0.74
152, 626, 626, 0.89
152, 638, 638, 0.98
152, 646, 646, 1.0
152, 647, 647, 0.82
152, 648, 648, 0.85
152, 659, 152, 0.59
152, 702, 702, 0.68
152, 719, 719, 0.62
152, 720, 720, 0.81
152, 746, 152, 0.83
152, 749, 749, 0.6
152, 779, 779, 0.63
152, 786, 786, 0.73
152, 787, 787, 0.91
152, 788, 788, 0.74
152, 789, 152, 0.99
152, 798, 798, 0.99
152, 799, 799, 0.95
152, 802, 802, 0.95
213, 4, 213, 0.57
213, 7, 7, 0.55
213, 37, 213, 0.73
213, 39, 213, 0.59
213, 66, 66, 0.7
213, 95, 95, 0.56
213, 106, 106, 0.69
213, 114, 114, 0.59
213, 128, 128, 0.68
213, 131, 131, 0.78
213, 146, 146, 0.65
213, 150, 150, 0.72
213, 152, 213, 0.57
213, 213, =
213, 228, 213, 0.54
213, 231, 231, 0.66
213, 249, 249, 0.77
213, 261, 213, 0.78
213, 280, 213, 0.82
213, 303, 303, 0.72
213, 304, 304, 0.81
213, 309, 213, 0.62
213, 382, 382, 0.92
213, 429, 429, 0.65
213, 446, 446, 0.62
213, 463, 463, 0.8
213, 466, 466, 0.76
213, 486, 486, 0.9
213, 491, 491, 0.72
213, 495, 213, 0.56
213, 531, 531, 0.51
213, 599, 599, 0.51
213, 626, 626, 0.8
213, 638, 638, 0.9
213, 646, 646, 0.87
213, 647, 647, 0.79
213, 648, 648, 0.64
213, 659, 213, 0.55
213, 702, 213, 0.62
213, 719, 719, 0.61
213, 720, 720, 0.79
213, 746, 213, 0.67
213, 749, 749, 0.71
213, 779, 779, 0.6
213, 786, 786, 0.56
213, 787, 787, 0.73
213, 788, 788, 0.65
213, 789, 213, 0.9
213, 798, 798, 0.83
213, 799, 799, 0.87
213, 802, 802, 0.9
228, 4, 4, 0.61
228, 7, 7, 0.55
228, 37, 228, 0.71
228, 39, 228, 0.54
228, 66, 66, 0.66
228, 95, 95, 0.64
228, 106, 106, 0.9
228, 114, 114, 0.52
228, 128, 128, 0.77
228, 131, 131, 0.8
228, 146, 146, 0.84
228, 150, 150, 0.75
228, 152, 228, 0.67
228, 213, 213, 0.64
228, 228, 228, 0.55
228, 231, 231, 0.59
228, 249, 249, 0.79
228, 261, 228, 0.75
228, 280, 228, 0.9
228, 303, 303, 0.62
228, 304, 304, 0.65
228, 309, 228, 0.7
228, 382, 382, 0.96
228, 429, 429, 0.65
228, 446, 228, 0.62
228, 463, 463, 0.59
228, 466, 466, 0.67
228, 486, 486, 0.61
228, 491, 491, 0.55
228, 495, 228, 0.82
228, 531, 228, 0.72
228, 599, 228, 0.81
228, 626, 626, 0.56
228, 638, 228, 0.64
228, 646, 646, 0.62
228, 647, 647, 0.59
228, 648, 228, 0.71
228, 659, 228, 0.71
228, 702, 228, 0.52
228, 719, 719, 0.58
228, 720, 228, 0.59
228, 746, 228, 0.77
228, 749, 228, 0.53
228, 779, 779, 0.51
228, 786, 228, 0.69
228, 787, 228, 0.52
228, 788, 788, 0.61
228, 789, 228, 1.0
228, 798, 228, 0.61
228, 799, 799, 0.88
228, 802, 802, 0.65
231, 4, 231, 0.65
231, 7, 7, 0.57
231, 37, 231, 0.7
231, 39, 231, 0.67
231, 66, 231, 0.52
231, 95, 231, 0.59
231, 106, 106, 0.59
231, 114, 114, 0.72
231, 128, 128, 0.87
231, 131, 131, 0.78
231, 146, 146, 0.84
231, 150, 150, 0.79
231, 152, 152, 0.51
231, 213, 231, 0.56
231, 228, 228, 0.51
231, 231, 231, 0.51
231, 249, 249, 0.88
231, 261, 231, 0.88
231, 280, 231, 0.9
231, 303, 303, 0.66
231, 304, 304, 0.65
231, 309, 231, 0.75
231, 382, 382, 0.92
231, 429, 429, 0.64
231, 446, 446, 0.68
231, 463, 463, 0.81
231, 466, 466, 0.66
231, 486, 486, 0.87
231, 491, 491, 0.87
231, 495, 495, 0.52
231, 531, 531, 0.69
231, 599, 231, 0.51
231, 626, 626, 0.81
231, 638, 638, 0.84
231, 646, 646, 0.93
231, 647, 647, 0.89
231, 648, 648, 0.74
231, 659, 231, 0.81
231, 702, 231, 0.71
231, 719, 719, 0.64
231, 720, 720, 0.81
231, 746, 231, 0.78
231, 749, 749, 0.63
231, 779, 779, 0.73
231, 786, 786, 0.66
231, 787, 787, 0.78
231, 788, 788, 0.84
231, 789, 231, 1.0
231, 798, 798, 0.92
231, 799, 799, 0.91
231, 802, 802, 0.93
249, 4, 249, 0.97
249, 7, 249, 0.9
249, 37, 249, 0.92
249, 39, 249, 0.95
249, 66, 249, 0.87
249, 95, 249, 0.87
249, 106, 249, 0.89
249, 114, 249, 0.85
249, 128, 249, 0.51
249, 131, 249, 0.68
249, 146, 249, 0.71
249, 150, 249, 0.66
249, 152, 249, 0.94
249, 213, 249, 0.79
249, 228, 249, 0.74
249, 231, 249, 0.94
249, 249, 249, 0.55
249, 261, 249, 0.92
249, 280, 249, 1.0
249, 303, 249, 0.71
249, 304, 249, 0.83
249, 309, 249, 0.92
249, 382, 382, 0.59
249, 429, 249, 0.71
249, 446, 249, 0.74
249, 463, 249, 0.64
249, 466, 249, 0.71
249, 486, 486, 0.58
249, 491, 249, 0.54
249, 495, 249, 0.92
249, 531, 249, 0.84
249, 599, 249, 0.82
249, 626, 249, 0.53
249, 638, 249, 0.66
249, 646, 646, 0.53
249, 647, 249, 0.7
249, 648, 249, 0.7
249, 659, 249, 0.98
249, 702, 249, 0.74
249, 719, 249, 0.65
249, 720, 249, 0.51
249, 746, 249, 0.99
249, 749, 249, 0.91
249, 779, 249, 0.68
249, 786, 249, 0.75
249, 787, 249, 0.83
249, 788, 249, 0.7
249, 789, 249, 1.0
249, 798, 249, 0.68
249, 799, 799, 0.73
249, 802, 249, 0.51
261, 4, 4, 0.71
261, 7, 7, 0.75
261, 37, 37, 0.55
261, 39, 39, 0.63
261, 66, 66, 0.89
261, 95, 95, 0.86
261, 106, 106, 0.85
261, 114, 114, 0.84
261, 128, 128, 0.9
261, 131, 131, 0.86
261, 146, 146, 0.95
261, 150, 150, 0.83
261, 152, 152, 0.65
261, 213, 213, 0.67
261, 228, 228, 0.79
261, 231, 231, 0.82
261, 249, 249, 0.91
261, 261, 261, 0.51
261, 280, 261, 0.81
261, 303, 303, 0.86
261, 304, 304, 0.89
261, 309, 309, 0.59
261, 382, 382, 0.96
261, 429, 429, 0.62
261, 446, 446, 0.85
261, 463, 463, 0.94
261, 466, 466, 0.92
261, 486, 486, 0.94
261, 491, 491, 0.94
261, 495, 495, 0.51
261, 531, 531, 0.78
261, 599, 599, 0.73
261, 626, 626, 0.94
261, 638, 638, 0.92
261, 646, 646, 0.93
261, 647, 647, 0.92
261, 648, 648, 0.85
261, 659, 659, 0.62
261, 702, 702, 0.86
261, 719, 719, 0.83
261, 720, 720, 0.77
261, 746, 261, 0.61
261, 749, 749, 0.89
261, 779, 779, 0.61
261, 786, 786, 0.64
261, 787, 787, 0.87
261, 788, 788, 0.91
261, 789, 261, 1.0
261, 798, 798, 0.96
261, 799, 799, 0.97
261, 802, 802, 0.99
280, 4, 4, 0.88
280, 7, 7, 0.78
280, 37, 37, 0.8
280, 39, 39, 0.79
280, 66, 66, 0.72
280, 95, 95, 0.67
280, 106, 106, 0.82
280, 114, 114, 0.8
280, 128, 128, 0.93
280, 131, 131, 0.97
280, 146, 146, 0.95
280, 150, 150, 0.92
280, 152, 152, 0.83
280, 213, 213, 0.84
280, 228, 228, 0.93
280, 231, 231, 0.85
280, 249, 249, 0.97
280, 261, 261, 0.76
280, 280, 280, 0.51
280, 303, 303, 0.93
280, 304, 304, 0.88
280, 309, 309, 0.84
280, 382, 382, 0.98
280, 429, 429, 0.87
280, 446, 446, 0.89
280, 463, 463, 0.91
280, 466, 466, 0.99
280, 486, 486, 0.97
280, 491, 491, 0.98
280, 495, 495, 0.79
280, 531, 531, 0.89
280, 599, 599, 0.9
280, 626, 626, 0.97
280, 638, 638, 0.97
280, 646, 646, 0.97
280, 647, 647, 0.94
280, 648, 648, 0.96
280, 659, 659, 0.85
280, 702, 702, 0.95
280, 719, 719, 0.82
280, 720, 720, 0.95
280, 746, 746, 0.64
280, 749, 749, 0.87
280, 779, 779, 0.88
280, 786, 786, 0.89
280, 787, 787, 0.91
280, 788, 788, 0.93
280, 789, 280, 0.95
280, 798, 798, 0.99
280, 799, 799, 0.98
280, 802, 802, 0.94
303, 4, 303, 0.67
303, 7, 303, 0.73
303, 37, 303, 0.67
303, 39, 303, 0.78
303, 66, 303, 0.65
303, 95, 303, 0.65
303, 106, 106, 0.54
303, 114, 303, 0.72
303, 128, 128, 0.59
303, 131, 131, 0.57
303, 146, 146, 0.72
303, 150, 150, 0.62
303, 152, 303, 0.9
303, 213, 303, 0.69
303, 228, 228, 0.52
303, 231, 303, 0.71
303, 249, 249, 0.67
303, 261, 303, 0.91
303, 280, 303, 0.94
303, 303, 303, 0.52
303, 304, 304, 0.52
303, 309, 303, 0.73
303, 382, 382, 0.84
303, 429, 429, 0.53
303, 446, 303, 0.59
303, 463, 463, 0.64
303, 466, 466, 0.66
303, 486, 486, 0.74
303, 491, 491, 0.55
303, 495, 303, 0.91
303, 531, 303, 0.71
303, 599, 303, 0.67
303, 626, 626, 0.62
303, 638, 638, 0.64
303, 646, 646, 0.59
303, 647, 647, 0.65
303, 648, 648, 0.66
303, 659, 303, 0.85
303, 702, 303, 0.57
303, 719, 303, 0.51
303, 720, 720, 0.59
303, 746, 303, 0.92
303, 749, 749, 0.58
303, 779, 303, 0.7
303, 786, 786, 0.54
303, 787, =
303, 788, 788, 0.62
303, 789, 303, 1.0
303, 798, 798, 0.56
303, 799, 799, 0.65
303, 802, 802, 0.84
304, 4, 304, 0.73
304, 7, 7, 0.54
304, 37, 304, 0.76
304, 39, 304, 0.75
304, 66, 66, 0.58
304, 95, 304, 0.6
304, 106, 106, 0.65
304, 114, 304, 0.53
304, 128, 128, 0.68
304, 131, 131, 0.69
304, 146, 146, 0.65
304, 150, 150, 0.78
304, 152, 304, 0.74
304, 213, 304, 0.69
304, 228, 228, 0.55
304, 231, 304, 0.52
304, 249, 249, 0.72
304, 261, 304, 0.83
304, 280, 304, 0.93
304, 303, 304, 0.51
304, 304, 304, 0.57
304, 309, 304, 0.7
304, 382, 382, 0.77
304, 429, 429, 0.62
304, 446, 446, 0.54
304, 463, 463, 0.7
304, 466, 466, 0.8
304, 486, 486, 0.83
304, 491, 491, 0.74
304, 495, 304, 0.72
304, 531, 531, 0.53
304, 599, 304, 0.65
304, 626, 626, 0.53
304, 638, 638, 0.66
304, 646, 646, 0.65
304, 647, 647, 0.69
304, 648, 648, 0.67
304, 659, 304, 0.72
304, 702, 304, 0.6
304, 719, 304, 0.69
304, 720, 720, 0.72
304, 746, 304, 0.64
304, 749, 749, 0.69
304, 779, 779, 0.54
304, 786, 786, 0.6
304, 787, 787, 0.6
304, 788, 788, 0.59
304, 789, 304, 1.0
304, 798, 798, 0.75
304, 799, 799, 0.8
304, 802, 802, 0.87
309, 4, 4, 0.55
309, 7, 7, 0.53
309, 37, 309, 0.53
309, 39, 309, 0.57
309, 66, 66, 0.67
309, 95, 95, 0.69
309, 106, 106, 0.79
309, 114, 114, 0.75
309, 128, 128, 0.81
309, 131, 131, 0.86
309, 146, 146, 0.83
309, 150, 150, 0.88
309, 152, 152, 0.52
309, 213, 213, 0.51
309, 228, 228, 0.73
309, 231, 231, 0.78
309, 249, 249, 0.89
309, 261, 309, 0.66
309, 280, 309, 0.79
309, 303, 303, 0.75
309, 304, 304, 0.68
309, 309, 309, 0.52
309, 382, 382, 0.93
309, 429, 429, 0.79
309, 446, 446, 0.87
309, 463, 463, 0.93
309, 466, 466, 0.93
309, 486, 486, 0.96
309, 491, 491, 0.88
309, 495, 309, 0.53
309, 531, 531, 0.7
309, 599, 599, 0.53
309, 626, 626, 0.95
309, 638, 638, 0.83
309, 646, 646, 0.95
309, 647, 647, 0.83
309, 648, 648, 0.86
309, 659, 309, 0.53
309, 702, 702, 0.73
309, 719, 719, 0.74
309, 720, 720, 0.86
309, 746, 309, 0.74
309, 749, 749, 0.87
309, 779, 779, 0.61
309, 786, 786, 0.69
309, 787, 787, 0.85
309, 788, 788, 0.81
309, 789, 309, 1.0
309, 798, 798, 0.91
309, 799, 799, 0.99
309, 802, 802, 0.95
382, 4, 382, 0.95
382, 7, 382, 0.99
382, 37, 382, 0.94
382, 39, 382, 0.95
382, 66, 382, 0.93
382, 95, 382, 0.93
382, 106, 382, 0.83
382, 114, 382, 0.69
382, 128, 128, 0.52
382, 131, 382, 0.7
382, 146, 382, 0.76
382, 150, 382, 0.69
382, 152, 382, 0.88
382, 213, 382, 0.94
382, 228, 382, 0.87
382, 231, 382, 0.86
382, 249, 382, 0.63
382, 261, 382, 0.94
382, 280, 382, 0.97
382, 303, 382, 0.79
382, 304, 382, 0.85
382, 309, 382, 0.92
382, 382, 382, 0.54
382, 429, 382, 0.73
382, 446, 382, 0.77
382, 463, 382, 0.71
382, 466, 382, 0.62
382, 486, 382, 0.57
382, 491, 382, 0.78
382, 495, 382, 0.92
382, 531, 382, 0.89
382, 599, 382, 0.89
382, 626, 382, 0.51
382, 638, 382, 0.52
382, 646, 646, 0.59
382, 647, 382, 0.61
382, 648, 382, 0.62
382, 659, 382, 0.94
382, 702, 382, 0.73
382, 719, 382, 0.83
382, 720, 720, 0.55
382, 746, 382, 0.98
382, 749, 382, 0.85
382, 779, 382, 0.86
382, 786, 382, 0.8
382, 787, 787, 0.52
382, 788, 382, 0.82
382, 789, 382, 1.0
382, 798, 798, 0.52
382, 799, 799, 0.59
382, 802, 802, 0.7
429, 4, 429, 0.72
429, 7, 429, 0.86
429, 37, 429, 0.78
429, 39, 429, 0.81
429, 66, 429, 0.77
429, 95, 429, 0.65
429, 106, 429, 0.65
429, 114, 429, 0.68
429, 128, 128, 0.52
429, 131, =
429, 146, 146, 0.53
429, 150, 150, 0.54
429, 152, 429, 0.84
429, 213, 429, 0.7
429, 228, 228, 0.58
429, 231, 429, 0.78
429, 249, 249, 0.7
429, 261, 429, 0.72
429, 280, 429, 0.89
429, 303, 429, 0.56
429, 304, 429, 0.62
429, 309, 429, 0.77
429, 382, 382, 0.59
429, 429, 429, 0.59
429, 446, 429, 0.58
429, 463, 463, 0.55
429, 466, 429, 0.54
429, 486, 486, 0.52
429, 491, 491, 0.65
429, 495, 429, 0.85
429, 531, 429, 0.53
429, 599, 429, 0.77
429, 626, 429, 0.53
429, 638, 429, 0.54
429, 646, 646, 0.74
429, 647, 429, 0.63
429, 648, 429, 0.51
429, 659, 429, 0.81
429, 702, 429, 0.58
429, 719, =
429, 720, 720, 0.57
429, 746, 429, 0.89
429, 749, 429, 0.55
429, 779, 429, 0.54
429, 786, 429, 0.58
429, 787, 787, 0.52
429, 788, 429, 0.57
429, 789, 429, 1.0
429, 798, 429, 0.55
429, 799, 799, 0.83
429, 802, 802, 0.7
446, 4, 446, 0.75
446, 7, 446, 0.71
446, 37, 446, 0.81
446, 39, 446, 0.85
446, 66, 446, 0.51
446, 95, 446, 0.69
446, 106, 106, 0.62
446, 114, 114, 0.53
446, 128, 128, 0.84
446, 131, 131, 0.67
446, 146, 146, 0.66
446, 150, 150, 0.66
446, 152, 446, 0.75
446, 213, 446, 0.69
446, 228, 228, 0.63
446, 231, 446, 0.7
446, 249, 249, 0.81
446, 261, 446, 0.87
446, 280, 446, 0.95
446, 303, 303, 0.59
446, 304, 304, 0.57
446, 309, 446, 0.82
446, 382, 382, 0.75
446, 429, 429, 0.6
446, 446, 446, 0.6
446, 463, 463, 0.62
446, 466, 466, 0.61
446, 486, 486, 0.78
446, 491, 491, 0.65
446, 495, 446, 0.86
446, 531, 446, 0.52
446, 599, 446, 0.67
446, 626, 626, 0.78
446, 638, 638, 0.8
446, 646, 646, 0.74
446, 647, 647, 0.74
446, 648, 648, 0.71
446, 659, 446, 0.81
446, 702, 446, 0.67
446, 719, 719, 0.56
446, 720, 720, 0.76
446, 746, 446, 0.96
446, 749, 446, 0.53
446, 779, 779, 0.51
446, 786, 446, 0.61
446, 787, 787, 0.67
446, 788, 446, 0.59
446, 789, 446, 1.0
446, 798, 798, 0.82
446, 799, 799, 0.9
446, 802, 802, 0.91
463, 4, 463, 0.88
463, 7, 463, 0.95
463, 37, 463, 0.9
463, 39, 463, 0.91
463, 66, 463, 0.8
463, 95, 463, 0.8
463, 106, 106, 0.53
463, 114, 463, 0.7
463, 128, 128, 0.68
463, 131, 463, 0.57
463, 146, 146, 0.63
463, 150, 150, 0.56
463, 152, 463, 0.91
463, 213, 463, 0.81
463, 228, 463, 0.62
463, 231, 463, 0.89
463, 249, 463, 0.54
463, 261, 463, 0.93
463, 280, 463, 0.96
463, 303, 463, 0.69
463, 304, 463, 0.74
463, 309, 463, 0.92
463, 382, 382, 0.64
463, 429, 463, 0.54
463, 446, 463, 0.63
463, 463, 463, 0.54
463, 466, 463, 0.53
463, 486, 486, 0.66
463, 491, 463, 0.51
463, 495, 463, 0.9
463, 531, 463, 0.75
463, 599, 463, 0.88
463, 626, 626, 0.55
463, 638, 638, 0.67
463, 646, 646, 0.62
463, 647, 647, 0.54
463, 648, 463, 0.51
463, 659, 463, 0.96
463, 702, 463, 0.81
463, 719, 463, 0.57
463, 720, 720, 0.56
463, 746, 463, 1.0
463, 749, 463, 0.75
463, 779, 463, 0.79
463, 786, 463, 0.67
463, 787, 787, 0.52
463, 788, 463, 0.54
463, 789, 463, 1.0
463, 798, 798, 0.63
463, 799, 799, 0.62
463, 802, 802, 0.77
466, 4, 466, 0.89
466, 7, 466, 0.92
466, 37, 466, 0.94
466, 39, 466, 0.93
466, 66, 466, 0.81
466, 95, 466, 0.64
466, 106, 466, 0.57
466, 114, 466, 0.64
466, 128, 128, 0.76
466, 131, 131, 0.51
466, 146, 146, 0.51
466, 150, 150, 0.65
466, 152, 466, 0.86
466, 213, 466, 0.72
466, 228, 466, 0.62
466, 231, 466, 0.69
466, 249, 249, 0.69
466, 261, 466, 0.97
466, 280, 466, 0.97
466, 303, 466, 0.59
466, 304, 466, 0.72
466, 309, 466, 0.94
466, 382, 382, 0.65
466, 429, 466, 0.53
466, 446, 466, 0.54
466, 463, 463, 0.54
466, 466, 466, 0.51
466, 486, 486, 0.6
466, 491, 491, 0.54
466, 495, 466, 0.94
466, 531, 466, 0.74
466, 599, 466, 0.85
466, 626, 626, 0.57
466, 638, 638, 0.53
466, 646, 646, 0.65
466, 647, 647, 0.54
466, 648, 466, 0.55
466, 659, 466, 0.91
466, 702, 466, 0.8
466, 719, 466, 0.59
466, 720, 720, 0.6
466, 746, 466, 0.98
466, 749, 466, 0.51
466, 779, 466, 0.67
466, 786, 466, 0.64
466, 787, 787, 0.54
466, 788, 466, 0.61
466, 789, 466, 1.0
466, 798, 798, 0.68
466, 799, 799, 0.75
466, 802, 802, 0.89
486, 4, 486, 0.94
486, 7, 486, 0.9
486, 37, 486, 0.96
486, 39, 486, 0.97
486, 66, 486, 0.75
486, 95, 486, 0.86
486, 106, 486, 0.62
486, 114, 486, 0.81
486, 128, 128, 0.61
486, 131, 486, 0.86
486, 146, 486, 0.62
486, 150, 486, 0.54
486, 152, 486, 0.95
486, 213, 486, 0.87
486, 228, 486, 0.65
486, 231, 486, 0.9
486, 249, 486, 0.52
486, 261, 486, 0.95
486, 280, 486, 0.98
486, 303, 486, 0.75
486, 304, 486, 0.84
486, 309, 486, 0.95
486, 382, 382, 0.6
486, 429, 486, 0.55
486, 446, 486, 0.83
486, 463, 486, 0.65
486, 466, 486, 0.66
486, 486, 486, 0.53
486, 491, 486, 0.59
486, 495, 486, 0.96
486, 531, 486, 0.8
486, 599, 486, 0.9
486, 626, 486, 0.55
486, 638, 486, 0.57
486, 646, 486, 0.52
486, 647, 486, 0.56
486, 648, 486, 0.75
486, 659, 486, 0.93
486, 702, 486, 0.88
486, 719, 486, 0.67
486, 720, 720, 0.67
486, 746, 486, 0.98
486, 749, 486, 0.7
486, 779, 486, 0.85
486, 786, 486, 0.71
486, 787, 787, 0.56
486, 788, 486, 0.72
486, 789, 486, 1.0
486, 798, 798, 0.63
486, 799, 486, 0.53
486, 802, 802, 0.86
491, 4, 491, 0.91
491, 7, 491, 0.86
491, 37, 491, 0.93
491, 39, 491, 0.86
491, 66, 491, 0.67
491, 95, 491, 0.71
491, 106, 106, 0.54
491, 114, 491, 0.79
491, 128, 491, 0.54
491, 131, 491, 0.56
491, 146, 491, 0.55
491, 150, 491, 0.53
491, 152, 491, 0.93
491, 213, 491, 0.69
491, 228, 491, 0.7
491, 231, 491, 0.83
491, 249, 491, 0.51
491, 261, 491, 0.94
491, 280, 491, 0.98
491, 303, 491, 0.51
491, 304, 491, 0.69
491, 309, 491, 0.87
491, 382, 382, 0.61
491, 429, 491, 0.56
491, 446, 491, 0.76
491, 463, 463, 0.52
491, 466, =
491, 486, 486, 0.73
491, 491, 491, 0.57
491, 495, 491, 0.92
491, 531, 491, 0.74
491, 599, 491, 0.85
491, 626, 626, 0.75
491, 638, 638, 0.68
491, 646, 646, 0.58
491, 647, 647, 0.63
491, 648, 491, 0.63
491, 659, 491, 0.87
491, 702, 491, 0.72
491, 719, 719, 0.55
491, 720, 491, 0.56
491, 746, 491, 0.98
491, 749, 491, 0.68
491, 779, 491, 0.88
491, 786, 491, 0.73
491, 787, =
491, 788, 491, 0.52
491, 789, 491, 1.0
491, 798, 491, 0.54
491, 799, 799, 0.8
491, 802, 802, 0.8
495, 4, 4, 0.75
495, 7, 495, 0.55
495, 37, 37, 0.69
495, 39, 495, 0.54
495, 66, 66, 0.65
495, 95, 495, 0.63
495, 106, 106, 0.77
495, 114, 114, 0.76
495, 128, 128, 0.92
495, 131, 131, 0.79
495, 146, 146, 0.95
495, 150, 150, 0.84
495, 152, =
495, 213, 213, 0.54
495, 228, 228, 0.85
495, 231, 495, 0.57
495, 249, 249, 0.88
495, 261, 495, 0.62
495, 280, 495, 0.82
495, 303, 303, 0.85
495, 304, 304, 0.76
495, 309, 309, 0.52
495, 382, 382, 0.87
495, 429, 429, 0.74
495, 446, 446, 0.85
495, 463, 463, 0.83
495, 466, 466, 0.9
495, 486, 486, 0.92
495, 491, 491, 0.93
495, 495, 495, 0.55
495, 531, 531, 0.8
495, 599, 599, 0.77
495, 626, 626, 0.9
495, 638, 638, 0.92
495, 646, 646, 0.96
495, 647, 647, 0.84
495, 648, 648, 0.89
495, 659, 495, 0.53
495, 702, 702, 0.73
495, 719, 719, 0.63
495, 720, 720, 0.85
495, 746, 495, 0.81
495, 749, 749, 0.65
495, 779, 779, 0.63
495, 786, 786, 0.76
495, 787, 787, 0.85
495, 788, 788, 0.73
495, 789, 495, 1.0
495, 798, 798, 0.98
495, 799, 799, 1.0
495, 802, 802, 0.95
531, 4, 531, 0.67
531, 7, 531, 0.64
531, 37, 531, 0.77
531, 39, 531, 0.73
531, 66, 66, 0.51
531, 95, 531, 0.59
531, 106, 106, 0.64
531, 114, 531, 0.57
531, 128, 128, 0.89
531, 131, 131, 0.64
531, 146, 146, 0.77
531, 150, 150, 0.73
531, 152, 531, 0.64
531, 213, 531, 0.64
531, 228, 228, 0.72
531, 231, 531, 0.65
531, 249, 249, 0.73
531, 261, 531, 0.78
531, 280, 531, 0.93
531, 303, 303, 0.64
531, 304, 304, 0.6
531, 309, 531, 0.7
531, 382, 382, 0.87
531, 429, 429, 0.71
531, 446, 446, 0.56
531, 463, 463, 0.72
531, 466, 466, 0.72
531, 486, 486, 0.89
531, 491, 491, 0.71
531, 495, 531, 0.79
531, 531, 531, 0.51
531, 599, 531, 0.51
531, 626, 626, 0.82
531, 638, 638, 0.8
531, 646, 646, 0.78
531, 647, 647, 0.78
531, 648, 648, 0.76
531, 659, 531, 0.7
531, 702, 702, 0.52
531, 719, 719, 0.63
531, 720, 720, 0.78
531, 746, 531, 0.87
531, 749, 749, 0.56
531, 779, 779, 0.54
531, 786, 786, 0.55
531, 787, 787, 0.66
531, 788, 788, 0.64
531, 789, 531, 0.97
531, 798, 798, 0.8
531, 799, 799, 0.84
531, 802, 802, 0.89
599, 4, =
599, 7, 599, 0.57
599, 37, 37, 0.54
599, 39, 599, 0.61
599, 66, 66, 0.61
599, 95, =
599, 106, 106, 0.82
599, 114, 114, 0.52
599, 128, 128, 0.85
599, 131, 131, 0.68
599, 146, 146, 0.64
599, 150, 150, 0.8
599, 152, 599, 0.71
599, 213, 599, 0.61
599, 228, 228, 0.82
599, 231, 599, 0.51
599, 249, 249, 0.82
599, 261, 599, 0.82
599, 280, 599, 0.89
599, 303, 303, 0.66
599, 304, 304, 0.62
599, 309, 309, 0.54
599, 382, 382, 0.94
599, 429, 429, 0.76
599, 446, 446, 0.69
599, 463, 463, 0.88
599, 466, 466, 0.89
599, 486, 486, 0.92
599, 491, 491, 0.77
599, 495, 599, 0.66
599, 531, 531, 0.62
599, 599, 599, 0.52
599, 626, 626, 0.85
599, 638, 638, 0.75
599, 646, 646, 0.89
599, 647, 647, 0.67
599, 648, 648, 0.8
599, 659, 599, 0.65
599, 702, 702, 0.59
599, 719, 719, 0.53
599, 720, 720, 0.79
599, 746, 599, 0.9
599, 749, 749, 0.78
599, 779, 599, 0.52
599, 786, 786, 0.54
599, 787, 787, 0.68
599, 788, 788, 0.63
599, 789, 599, 0.99
599, 798, 798, 0.88
599, 799, 799, 0.87
599, 802, 802, 0.94
626, 4, 626, 0.92
626, 7, 626, 0.93
626, 37, 626, 0.96
626, 39, 626, 0.96
626, 66, 626, 0.86
626, 95, 626, 0.78
626, 106, 626, 0.6
626, 114, 626, 0.69
626, 128, 128, 0.65
626, 131, 626, 0.69
626, 146, =
626, 150, 150, 0.54
626, 152, 626, 0.9
626, 213, 626, 0.89
626, 228, 626, 0.51
626, 231, 626, 0.8
626, 249, 249, 0.57
626, 261, 626, 0.97
626, 280, 626, 0.94
626, 303, 626, 0.66
626, 304, 626, 0.68
626, 309, 626, 0.97
626, 382, 382, 0.55
626, 429, 626, 0.52
626, 446, 626, 0.81
626, 463, 626, 0.61
626, 466, 626, 0.71
626, 486, 486, 0.59
626, 491, 626, 0.54
626, 495, 626, 0.94
626, 531, 626, 0.87
626, 599, 626, 0.84
626, 626, 626, 0.57
626, 638, 638, 0.54
626, 646, 626, 0.52
626, 647, 626, 0.56
626, 648, 626, 0.66
626, 659, 626, 0.91
626, 702, 626, 0.79
626, 719, 626, 0.56
626, 720, 720, 0.61
626, 746, 626, 0.97
626, 749, 626, 0.66
626, 779, 626, 0.7
626, 786, 626, 0.71
626, 787, 626, 0.67
626, 788, 626, 0.67
626, 789, 626, 1.0
626, 798, 798, 0.66
626, 799, 799, 0.61
626, 802, 802, 0.91
638, 4, 638, 0.78
638, 7, 638, 0.81
638, 37, 638, 0.85
638, 39, 638, 0.94
638, 66, 638, 0.76
638, 95, 638, 0.8
638, 106, 638, 0.63
638, 114, 638, 0.85
638, 128, 128, 0.7
638, 131, 638, 0.63
638, 146, 146, 0.67
638, 150, 150, 0.57
638, 152, 638, 0.95
638, 213, 638, 0.81
638, 228, 228, 0.61
638, 231, 638, 0.8
638, 249, 249, 0.68
638, 261, 638, 0.97
638, 280, 638, 0.97
638, 303, 638, 0.67
638, 304, 638, 0.67
638, 309, 638, 0.9
638, 382, 382, 0.6
638, 429, 429, 0.6
638, 446, 638, 0.79
638, 463, 638, 0.61
638, 466, 466, 0.53
638, 486, 638, 0.56
638, 491, 638, 0.58
638, 495, 638, 0.97
638, 531, 638, 0.79
638, 599, 638, 0.75
638, 626, 638, 0.66
638, 638, 638, 0.53
638, 646, 638, 0.65
638, 647, 638, 0.51
638, 648, 638, 0.52
638, 659, 638, 0.96
638, 702, 638, 0.69
638, 719, 638, 0.71
638, 720, 720, 0.71
638, 746, 638, 0.94
638, 749, 638, 0.64
638, 779, 638, 0.7
638, 786, 638, 0.65
638, 787, 638, 0.78
638, 788, 638, 0.56
638, 789, 638, 1.0
638, 798, =
638, 799, 638, 0.54
638, 802, 802, 0.88
646, 4, 646, 0.9
646, 7, 646, 0.93
646, 37, 646, 0.96
646, 39, 646, 0.87
646, 66, 646, 0.87
646, 95, 646, 0.9
646, 106, 646, 0.63
646, 114, 646, 0.93
646, 128, 646, 0.58
646, 131, 646, 0.84
646, 146, 646, 0.58
646, 150, 646, 0.65
646, 152, 646, 0.98
646, 213, 646, 0.79
646, 228, 646, 0.73
646, 231, 646, 0.87
646, 249, 646, 0.55
646, 261, 646, 0.99
646, 280, 646, 0.96
646, 303, 646, 0.63
646, 304, 646, 0.67
646, 309, 646, 0.92
646, 382, 646, 0.56
646, 429, 646, 0.67
646, 446, 646, 0.81
646, 463, 646, 0.73
646, 466, 646, 0.75
646, 486, 486, 0.67
646, 491, 646, 0.64
646, 495, 646, 0.98
646, 531, 646, 0.86
646, 599, 646, 0.87
646, 626, 646, 0.54
646, 638, 638, 0.7
646, 646, 646, 0.53
646, 647, 646, 0.58
646, 648, 646, 0.58
646, 659, 646, 0.97
646, 702, 646, 0.8
646, 719, 646, 0.55
646, 720, 646, 0.57
646, 746, 646, 1.0
646, 749, 646, 0.77
646, 779, 646, 0.81
646, 786, 646, 0.69
646, 787, 646, 0.61
646, 788, 646, 0.76
646, 789, 646, 1.0
646, 798, 646, 0.56
646, 799, 799, 0.52
646, 802, 802, 0.8
647, 4, 647, 0.89
647, 7, 647, 0.9
647, 37, 647, 0.97
647, 39, 647, 0.89
647, 66, 647, 0.88
647, 95, 647, 0.79
647, 106, 647, 0.72
647, 114, 647, 0.64
647, 128, 128, 0.67
647, 131, 647, 0.61
647, 146, 146, 0.51
647, 150, 150, 0.63
647, 152, 647, 0.75
647, 213, 647, 0.83
647, 228, 228, 0.53
647, 231, 647, 0.87
647, 249, 249, 0.75
647, 261, 647, 0.96
647, 280, 647, 0.91
647, 303, 647, 0.66
647, 304, 647, 0.71
647, 309, 647, 0.89
647, 382, 382, 0.61
647, 429, 429, 0.63
647, 446, 647, 0.76
647, 463, 647, 0.57
647, 466, 647, 0.54
647, 486, 647, 0.55
647, 491, 647, 0.66
647, 495, 647, 0.83
647, 531, 647, 0.7
647, 599, 647, 0.85
647, 626, 647, 0.52
647, 638, 638, 0.53
647, 646, 646, 0.55
647, 647, 647, 0.55
647, 648, 648, 0.56
647, 659, 647, 0.9
647, 702, 647, 0.73
647, 719, 647, 0.6
647, 720, 720, 0.79
647, 746, 647, 1.0
647, 749, 647, 0.76
647, 779, 647, 0.69
647, 786, 786, 0.59
647, 787, 787, 0.57
647, 788, 647, 0.63
647, 789, 647, 1.0
647, 798, 798, 0.55
647, 799, 799, 0.55
647, 802, 802, 0.83
648, 4, 648, 0.84
648, 7, 648, 0.89
648, 37, 648, 0.91
648, 39, 648, 0.85
648, 66, 648, 0.8
648, 95, 648, 0.72
648, 106, 648, 0.54
648, 114, 648, 0.75
648, 128, 128, 0.76
648, 131, 648, 0.77
648, 146, 146, 0.57
648, 150, 150, 0.54
648, 152, 648, 0.87
648, 213, 648, 0.7
648, 228, 228, 0.66
648, 231, 648, 0.75
648, 249, 249, 0.61
648, 261, 648, 0.89
648, 280, 648, 0.95
648, 303, 648, 0.59
648, 304, 648, 0.63
648, 309, 648, 0.86
648, 382, 382, 0.57
648, 429, 429, 0.53
648, 446, 648, 0.59
648, 463, 648, 0.57
648, 466, 648, 0.55
648, 486, 486, 0.6
648, 491, 491, 0.54
648, 495, 648, 0.89
648, 531, 648, 0.76
648, 599, 648, 0.87
648, 626, 626, 0.6
648, 638, 638, 0.52
648, 646, 646, 0.56
648, 647, 648, 0.56
648, 648, 648, 0.53
648, 659, 648, 0.87
648, 702, 648, 0.63
648, 719, 648, 0.56
648, 720, 720, 0.68
648, 746, 648, 0.96
648, 749, 648, 0.73
648, 779, 648, 0.83
648, 786, 648, 0.73
648, 787, =
648, 788, 648, 0.63
648, 789, 648, 1.0
648, 798, 798, 0.58
648, 799, 799, 0.8
648, 802, 802, 0.77
659, 4, 4, 0.57
659, 7, 7, 0.66
659, 37, 659, 0.67
659, 39, 659, 0.54
659, 66, 66, 0.77
659, 95, 95, 0.58
659, 106, 106, 0.83
659, 114, 114, 0.87
659, 128, 128, 0.98
659, 131, 131, 0.83
659, 146, 146, 0.88
659, 150, 150, 0.87
659, 152, 659, 0.63
659, 213, 213, 0.57
659, 228, 228, 0.62
659, 231, 231, 0.64
659, 249, 249, 0.88
659, 261, 659, 0.6
659, 280, 659, 0.85
659, 303, 303, 0.8
659, 304, 304, 0.75
659, 309, 309, 0.55
659, 382, 382, 0.94
659, 429, 429, 0.74
659, 446, 446, 0.69
659, 463, 463, 0.88
659, 466, 466, 0.89
659, 486, 486, 0.96
659, 491, 491, 0.91
659, 495, 659, 0.58
659, 531, 531, 0.78
659, 599, 599, 0.65
659, 626, 626, 0.94
659, 638, 638, 0.93
659, 646, 646, 0.91
659, 647, 647, 0.91
659, 648, 648, 0.87
659, 659, 659, 0.53
659, 702, 702, 0.72
659, 719, 719, 0.75
659, 720, 720, 0.94
659, 746, 659, 0.76
659, 749, 749, 0.84
659, 779, 779, 0.72
659, 786, 786, 0.69
659, 787, 787, 0.86
659, 788, 788, 0.71
659, 789, 659, 1.0
659, 798, 798, 0.95
659, 799, 799, 0.95
659, 802, 802, 0.97
702, 4, 702, 0.72
702, 7, 702, 0.74
702, 37, 702, 0.77
702, 39, 702, 0.69
702, 66, 702, 0.51
702, 95, 95, 0.61
702, 106, 106, 0.51
702, 114, 114, 0.63
702, 128, 128, 0.79
702, 131, 131, 0.64
702, 146, 146, 0.53
702, 150, 150, 0.7
702, 152, 702, 0.67
702, 213, 213, 0.53
702, 228, 702, 0.51
702, 231, 231, 0.7
702, 249, 249, 0.69
702, 261, 702, 0.84
702, 280, 702, 0.92
702, 303, 303, 0.65
702, 304, 304, 0.55
702, 309, 702, 0.72
702, 382, 382, 0.86
702, 429, 429, 0.52
702, 446, 446, 0.64
702, 463, 463, 0.76
702, 466, 466, 0.72
702, 486, 486, 0.82
702, 491, 491, 0.76
702, 495, 702, 0.77
702, 531, 702, 0.52
702, 599, 702, 0.57
702, 626, 626, 0.69
702, 638, 638, 0.8
702, 646, 646, 0.86
702, 647, 647, 0.62
702, 648, 648, 0.65
702, 659, 702, 0.78
702, 702, 702, 0.54
702, 719, 719, 0.74
702, 720, 720, 0.79
702, 746, 702, 0.92
702, 749, 749, 0.8
702, 779, 702, 0.56
702, 786, 786, 0.56
702, 787, 787, 0.72
702, 788, 788, 0.52
702, 789, 702, 0.99
702, 798, 798, 0.88
702, 799, 799, 0.87
702, 802, 802, 0.92
719, 4, 719, 0.93
719, 7, 719, 0.75
719, 37, 719, 0.9
719, 39, 719, 0.87
719, 66, 719, 0.77
719, 95, 719, 0.58
719, 106, =
719, 114, 719, 0.57
719, 128, 128, 0.63
719, 131, 131, 0.57
719, 146, 719, 0.58
719, 150, 150, 0.52
719, 152, 719, 0.72
719, 213, 719, 0.57
719, 228, 719, 0.51
719, 231, 719, 0.62
719, 249, 249, 0.66
719, 261, 719, 0.8
719, 280, 719, 0.95
719, 303, 719, 0.53
719, 304, 304, 0.63
719, 309, 719, 0.84
719, 382, 382, 0.75
719, 429, 719, 0.57
719, 446, 719, 0.55
719, 463, 719, 0.51
719, 466, 719, 0.55
719, 486, 486, 0.7
719, 491, 719, 0.68
719, 495, 719, 0.77
719, 531, 719, 0.69
719, 599, 599, 0.52
719, 626, 719, 0.51
719, 638, 638, 0.72
719, 646, 646, 0.53
719, 647, 647, 0.61
719, 648, 719, 0.52
719, 659, 719, 0.84
719, 702, 719, 0.72
719, 719, 719, 0.51
719, 720, 720, 0.67
719, 746, 719, 0.9
719, 749, 749, 0.64
719, 779, 719, 0.57
719, 786, 719, 0.62
719, 787, 787, 0.52
719, 788, 719, 0.55
719, 789, 719, 1.0
719, 798, 798, 0.67
719, 799, 799, 0.56
719, 802, 802, 0.81
720, 4, 720, 0.87
720, 7, 720, 0.88
720, 37, 720, 0.82
720, 39, 720, 0.86
720, 66, 720, 0.89
720, 95, 720, 0.72
720, 106, 720, 0.76
720, 114, 720, 0.79
720, 128, 720, 0.6
720, 131, 720, 0.7
720, 146, 146, 0.51
720, 150, 720, 0.63
720, 152, 720, 0.92
720, 213, 720, 0.73
720, 228, 228, 0.58
720, 231, 720, 0.87
720, 249, =
720, 261, 720, 0.76
720, 280, 720, 0.93
720, 303, 720, 0.61
720, 304, 720, 0.74
720, 309, 720, 0.86
720, 382, 382, 0.52
720, 429, 720, 0.57
720, 446, 720, 0.77
720, 463, 720, 0.65
720, 466, 720, 0.68
720, 486, 720, 0.61
720, 491, 720, 0.52
720, 495, 720, 0.83
720, 531, 720, 0.82
720, 599, 720, 0.89
720, 626, 720, 0.71
720, 638, 720, 0.7
720, 646, 646, 0.58
720, 647, 720, 0.85
720, 648, 720, 0.71
720, 659, 720, 0.83
720, 702, 720, 0.78
720, 719, 720, 0.62
720, 720, 720, 0.51
720, 746, 720, 0.91
720, 749, 720, 0.67
720, 779, 720, 0.63
720, 786, 720, 0.74
720, 787, 720, 0.53
720, 788, 720, 0.62
720, 789, 720, 1.0
720, 798, 720, 0.55
720, 799, 799, 0.8
720, 802, 802, 0.74
746, 4, 4, 0.62
746, 7, 7, 0.75
746, 37, 37, 0.54
746, 39, 39, 0.69
746, 66, 746, 0.54
746, 95, 746, 0.66
746, 106, 746, 0.51
746, 114, 114, 0.64
746, 128, 128, 0.73
746, 131, 131, 0.86
746, 146, 146, 0.71
746, 150, 150, 0.79
746, 152, 152, 0.58
746, 213, 213, 0.55
746, 228, 228, 0.66
746, 231, 746, 0.53
746, 249, 249, 0.95
746, 261, 746, 0.61
746, 280, 746, 0.67
746, 303, 303, 0.64
746, 304, 746, 0.55
746, 309, 309, 0.54
746, 382, 382, 0.88
746, 429, 429, 0.71
746, 446, 446, 0.71
746, 463, 463, 0.76
746, 466, 466, 0.79
746, 486, 486, 0.81
746, 491, 491, 0.75
746, 495, 495, 0.71
746, 531, 531, 0.65
746, 599, 746, 0.51
746, 626, 626, 0.66
746, 638, 746, 0.54
746, 646, 646, 0.86
746, 647, 647, 0.6
746, 648, 648, 0.61
746, 659, 746, 0.57
746, 702, 702, 0.79
746, 719, 746, 0.51
746, 720, 720, 0.8
746, 746, 746, 0.57
746, 749, 749, 0.61
746, 779, 779, 0.8
746, 786, 786, 0.69
746, 787, 787, 0.74
746, 788, 788, 0.79
746, 789, 746, 1.0
746, 798, 798, 0.72
746, 799, 799, 0.91
746, 802, 802, 0.88
749, 4, 749, 0.8
749, 7, 749, 0.59
749, 37, 749, 0.83
749, 39, 749, 0.85
749, 66, 749, 0.66
749, 95, 749, 0.68
749, 106, 749, 0.58
749, 114, 114, 0.62
749, 128, 128, 0.84
749, 131, 131, 0.7
749, 146, 146, 0.85
749, 150, 150, 0.76
749, 152, 749, 0.54
749, 213, 749, 0.82
749, 228, 749, 0.55
749, 231, 749, 0.63
749, 249, 249, 0.92
749, 261, 749, 0.91
749, 280, 749, 0.83
749, 303, 749, 0.63
749, 304, 749, 0.66
749, 309, 749, 0.93
749, 382, 382, 0.83
749, 429, 429, 0.56
749, 446, 749, 0.52
749, 463, 463, 0.6
749, 466, 749, 0.61
749, 486, 486, 0.78
749, 491, 491, 0.56
749, 495, 749, 0.61
749, 531, =
749, 599, 749, 0.79
749, 626, 626, 0.75
749, 638, 638, 0.65
749, 646, 646, 0.83
749, 647, 647, 0.77
749, 648, 648, 0.57
749, 659, 749, 0.84
749, 702, 749, 0.71
749, 719, 749, 0.61
749, 720, 720, 0.75
749, 746, 749, 0.55
749, 749, =
749, 779, 779, 0.69
749, 786, 786, 0.52
749, 787, 787, 0.8
749, 788, 788, 0.69
749, 789, 749, 1.0
749, 798, 798, 0.82
749, 799, 799, 0.81
749, 802, 802, 0.94
779, 4, 779, 0.68
779, 7, 779, 0.77
779, 37, 779, 0.77
779, 39, 779, 0.77
779, 66, 779, 0.75
779, 95, 779, 0.76
779, 106, 106, 0.54
779, 114, 779, 0.54
779, 128, 128, 0.69
779, 131, 131, 0.72
779, 146, 146, 0.64
779, 150, 150, 0.64
779, 152, 779, 0.59
779, 213, 779, 0.67
779, 228, 779, 0.52
779, 231, 779, 0.74
779, 249, 249, 0.81
779, 261, 779, 0.72
779, 280, 779, 0.95
779, 303, 303, 0.6
779, 304, 779, 0.54
779, 309, 779, 0.74
779, 382, 382, 0.84
779, 429, 429, 0.64
779, 446, 446, 0.55
779, 463, 463, 0.77
779, 466, 466, 0.73
779, 486, 486, 0.79
779, 491, 491, 0.78
779, 495, 779, 0.74
779, 531, 779, 0.58
779, 599, 779, 0.51
779, 626, 626, 0.71
779, 638, 638, 0.71
779, 646, 646, 0.84
779, 647, 647, 0.67
779, 648, 648, 0.68
779, 659, 779, 0.7
779, 702, 702, 0.56
779, 719, 779, 0.53
779, 720, 720, 0.73
779, 746, 779, 0.83
779, 749, 779, 0.6
779, 779, 779, 0.52
779, 786, 786, 0.54
779, 787, 787, 0.63
779, 788, 788, 0.61
779, 789, 779, 1.0
779, 798, 798, 0.8
779, 799, 799, 0.93
779, 802, 802, 0.83
786, 4, 786, 0.75
786, 7, 786, 0.8
786, 37, 786, 0.78
786, 39, 786, 0.72
786, 66, 786, 0.8
786, 95, 786, 0.69
786, 106, 786, 0.62
786, 114, 786, 0.56
786, 128, 128, 0.68
786, 131, =
786, 146, 146, 0.72
786, 150, 150, 0.58
786, 152, 786, 0.73
786, 213, 786, 0.59
786, 228, 228, 0.61
786, 231, 786, 0.65
786, 249, 249, 0.81
786, 261, 786, 0.68
786, 280, 786, 0.93
786, 303, 786, 0.54
786, 304, 304, 0.51
786, 309, 786, 0.77
786, 382, 382, 0.77
786, 429, 429, 0.64
786, 446, 446, 0.61
786, 463, 463, 0.53
786, 466, 466, 0.6
786, 486, 486, 0.72
786, 491, 491, 0.63
786, 495, 786, 0.72
786, 531, 786, 0.59
786, 599, 786, 0.56
786, 626, 626, 0.72
786, 638, 638, 0.61
786, 646, 646, 0.7
786, 647, 786, 0.56
786, 648, 648, 0.68
786, 659, 786, 0.7
786, 702, 786, 0.55
786, 719, 719, 0.59
786, 720, 720, 0.67
786, 746, 786, 0.68
786, 749, 786, 0.52
786, 779, 786, 0.57
786, 786, 786, 0.51
786, 787, 787, 0.54
786, 788, 788, 0.51
786, 789, 786, 1.0
786, 798, 798, 0.76
786, 799, 799, 0.75
786, 802, 802, 0.76
787, 4, 787, 0.78
787, 7, 787, 0.93
787, 37, 787, 0.8
787, 39, 787, 0.86
787, 66, 787, 0.84
787, 95, 787, 0.8
787, 106, 787, 0.69
787, 114, 787, 0.85
787, 128, 128, 0.71
787, 131, 787, 0.58
787, 146, 146, 0.71
787, 150, 150, 0.61
787, 152, 787, 0.86
787, 213, 787, 0.72
787, 228, 228, 0.57
787, 231, 787, 0.77
787, 249, 249, 0.62
787, 261, 787, 0.94
787, 280, 787, 0.96
787, 303, 787, 0.54
787, 304, 787, 0.64
787, 309, 787, 0.92
787, 382, 382, 0.55
787, 429, 429, 0.56
787, 446, 787, 0.63
787, 463, 787, 0.62
787, 466, 787, 0.62
787, 486, 486, 0.58
787, 491, 787, 0.66
787, 495, 787, 0.89
787, 531, 787, 0.73
787, 599, 787, 0.73
787, 626, 626, 0.52
787, 638, 638, 0.68
787, 646, 646, 0.61
787, 647, 787, 0.59
787, 648, 787, 0.68
787, 659, 787, 0.9
787, 702, 787, 0.74
787, 719, 787, 0.57
787, 720, 720, 0.56
787, 746, 787, 0.75
787, 749, 787, 0.82
787, 779, 787, 0.71
787, 786, 787, 0.71
787, 787, 787, 0.52
787, 788, 787, 0.61
787, 789, 787, 1.0
787, 798, 798, 0.69
787, 799, 799, 0.58
787, 802, 802, 0.83
788, 4, 788, 0.85
788, 7, 788, 0.84
788, 37, 788, 0.89
788, 39, 788, 0.77
788, 66, 788, 0.8
788, 95, 788, 0.83
788, 106, 788, 0.55
788, 114, 788, 0.61
788, 128, 128, 0.58
788, 131, 131, 0.52
788, 146, 146, 0.53
788, 150, 150, 0.55
788, 152, 788, 0.62
788, 213, 788, 0.74
788, 228, 788, 0.62
788, 231, 788, 0.74
788, 249, 249, 0.61
788, 261, 788, 0.92
788, 280, 788, 0.98
788, 303, 788, 0.58
788, 304, 788, 0.56
788, 309, 788, 0.75
788, 382, 382, 0.82
788, 429, 788, 0.52
788, 446, 788, 0.52
788, 463, 463, 0.65
788, 466, 466, 0.61
788, 486, 486, 0.71
788, 491, 491, 0.6
788, 495, 788, 0.81
788, 531, 788, 0.63
788, 599, 788, 0.64
788, 626, 626, 0.73
788, 638, 638, 0.64
788, 646, 646, 0.61
788, 647, 647, 0.62
788, 648, 648, 0.68
788, 659, 788, 0.83
788, 702, 702, 0.53
788, 719, 788, 0.59
788, 720, 720, 0.71
788, 746, 788, 0.77
788, 749, 788, 0.74
788, 779, 788, 0.59
788, 786, 788, 0.52
788, 787, 787, 0.61
788, 788, 788, 0.58
788, 789, 788, 0.99
788, 798, 798, 0.68
788, 799, 799, 0.69
788, 802, 802, 0.72
789, 4, 4, 0.98
789, 7, 7, 1.0
789, 37, 37, 0.98
789, 39, 39, 1.0
789, 66, 66, 1.0
789, 95, 95, 0.86
789, 106, 106, 1.0
789, 114, 114, 1.0
789, 128, 128, 1.0
789, 131, 131, 1.0
789, 146, 146, 1.0
789, 150, 150, 0.99
789, 152, 152, 0.98
789, 213, 213, 0.89
789, 228, 228, 1.0
789, 231, 231, 0.98
789, 249, 249, 0.99
789, 261, 261, 0.99
789, 280, 280, 0.87
789, 303, 303, 1.0
789, 304, 304, 1.0
789, 309, 309, 1.0
789, 382, 382, 1.0
789, 429, 429, 0.99
789, 446, 446, 0.97
789, 463, 463, 0.99
789, 466, 466, 1.0
789, 486, 486, 1.0
789, 491, 491, 1.0
789, 495, 495, 1.0
789, 531, 531, 0.96
789, 599, 599, 0.99
789, 626, 626, 1.0
789, 638, 638, 1.0
789, 646, 646, 1.0
789, 647, 647, 0.99
789, 648, 648, 1.0
789, 659, 659, 1.0
789, 702, 702, 0.97
789, 719, 719, 0.97
789, 720, 720, 1.0
789, 746, 746, 0.98
789, 749, 749, 0.99
789, 779, 779, 0.99
789, 786, 786, 0.98
789, 787, 787, 1.0
789, 788, 788, 0.99
789, 789, 789, 0.62
789, 798, 798, 1.0
789, 799, 799, 1.0
789, 802, 802, 1.0
798, 4, 798, 0.62
798, 7, 798, 0.88
798, 37, 798, 0.73
798, 39, 798, 0.9
798, 66, 798, 0.76
798, 95, 798, 0.87
798, 106, 798, 0.74
798, 114, 798, 0.91
798, 128, 128, 0.6
798, 131, 798, 0.76
798, 146, 146, 0.62
798, 150, 798, 0.6
798, 152, 798, 0.99
798, 213, 798, 0.92
798, 228, 798, 0.53
798, 231, 798, 0.96
798, 249, 249, 0.52
798, 261, 798, 0.93
798, 280, 798, 0.94
798, 303, 798, 0.7
798, 304, 798, 0.77
798, 309, 798, 0.86
798, 382, 798, 0.58
798, 429, 798, 0.52
798, 446, 798, 0.8
798, 463, 798, 0.66
798, 466, 798, 0.71
798, 486, 798, 0.53
798, 491, 798, 0.53
798, 495, 798, 0.97
798, 531, 798, 0.78
798, 599, 798, 0.85
798, 626, 798, 0.69
798, 638, 798, 0.55
798, 646, 646, 0.52
798, 647, 798, 0.6
798, 648, 798, 0.63
798, 659, 798, 0.95
798, 702, 798, 0.86
798, 719, 798, 0.79
798, 720, 798, 0.52
798, 746, 798, 0.78
798, 749, 798, 0.84
798, 779, 798, 0.9
798, 786, 798, 0.71
798, 787, 798, 0.62
798, 788, 798, 0.66
798, 789, 798, 1.0
798, 798, 798, 0.53
798, 799, 799, 0.58
798, 802, 802, 0.73
799, 4, 799, 0.97
799, 7, 799, 0.95
799, 37, 799, 0.96
799, 39, 799, 0.92
799, 66, 799, 0.95
799, 95, 799, 0.93
799, 106, 799, 0.74
799, 114, 799, 0.89
799, 128, 799, 0.56
799, 131, 799, 0.85
799, 146, 799, 0.75
799, 150, 799, 0.77
799, 152, 799, 0.99
799, 213, 799, 0.94
799, 228, 799, 0.91
799, 231, 799, 0.95
799, 249, 799, 0.7
799, 261, 799, 0.99
799, 280, 799, 0.99
799, 303, 799, 0.65
799, 304, 799, 0.86
799, 309, 799, 0.99
799, 382, 799, 0.55
799, 429, 799, 0.9
799, 446, 799, 0.87
799, 463, 799, 0.69
799, 466, 799, 0.81
799, 486, 486, 0.51
799, 491, 799, 0.81
799, 495, 799, 1.0
799, 531, 799, 0.87
799, 599, 799, 0.93
799, 626, 799, 0.59
799, 638, 638, 0.56
799, 646, 799, 0.6
799, 647, 799, 0.67
799, 648, 799, 0.72
799, 659, 799, 0.98
799, 702, 799, 0.85
799, 719, 799, 0.57
799, 720, 799, 0.72
799, 746, 799, 0.94
799, 749, 799, 0.79
799, 779, 799, 0.89
799, 786, 799, 0.67
799, 787, 799, 0.68
799, 788, 799, 0.76
799, 789, 799, 1.0
799, 798, 798, 0.57
799, 799, 799, 0.51
799, 802, 802, 0.68
802, 4, 802, 0.97
802, 7, 802, 0.95
802, 37, 802, 0.95
802, 39, 802, 0.92
802, 66, 802, 0.94
802, 95, 802, 0.95
802, 106, 802, 0.94
802, 114, 802, 0.91
802, 128, 802, 0.62
802, 131, 802, 0.74
802, 146, 802, 0.59
802, 150, 802, 0.7
802, 152, 802, 0.97
802, 213, 802, 0.89
802, 228, 802, 0.75
802, 231, 802, 0.97
802, 249, 802, 0.57
802, 261, 802, 0.96
802, 280, 802, 0.92
802, 303, 802, 0.81
802, 304, 802, 0.87
802, 309, 802, 0.98
802, 382, 802, 0.66
802, 429, 802, 0.81
802, 446, 802, 0.9
802, 463, 802, 0.78
802, 466, 802, 0.91
802, 486, 802, 0.84
802, 491, 802, 0.72
802, 495, 802, 0.98
802, 531, 802, 0.9
802, 599, 802, 0.94
802, 626, 802, 0.86
802, 638, 802, 0.77
802, 646, 802, 0.7
802, 647, 802, 0.84
802, 648, 802, 0.78
802, 659, 802, 0.98
802, 702, 802, 0.97
802, 719, 802, 0.89
802, 720, 802, 0.65
802, 746, 802, 0.85
802, 749, 802, 0.94
802, 779, 802, 0.81
802, 786, 802, 0.78
802, 787, 802, 0.77
802, 788, 802, 0.69
802, 789, 802, 1.0
802, 798, 802, 0.72
802, 799, 802, 0.6
802, 802, 802, 0.55
